Workbook

Sheet metadata
A1: bond_id | B1: id_bb_global | C1: ticker | D1: issue_dt | E1: maturity | F1: derived_type | G1: ID_ISIN | H1: source_convention
A2: EH582517 Corp | B2: BBG0000TMWW5 | C2: BLTN | D2: 39724 | E2: 40544 | F2: LTN | G2: {=_xll.BDP(A2,$G$1)} -> BRSTNCLTN6C7 | H2: Historical price source | I2: ANDE PX_LAST
A3: EH984665 Corp | B3: BBG00009GLZ7 | C3: BLTN | D3: 39870 | E3: 40909 | F3: LTN | G3: {=_xll.BDP(A3,$G$1)} -> BRSTNCLTN6E3 | H3: Historical price date | I3: OBS_DATE
A4: EH892164 Corp | B4: BBG00008RVX7 | C4: BLTN | D4: 39997 | E4: 40725 | F4: LTN | G4: {=_xll.BDP(A4,$G$1)} -> BRSTNCLTN6G8 | H4: YAS price override | I4: YAS_BOND_PX = ANDE PX_LAST
A5: EI103101 Corp | B5: BBG00008RQ68 | C5: BLTN | D5: 40186 | E5: 41091 | F5: LTN | G5: {=_xll.BDP(A5,$G$1)} -> BRSTNCLTN6I4 | H5: YAS settlement date | I5: SETTLE_DT = OBS_DATE
A6: EI112870 Corp | B6: BBG0000G88K5 | C6: BLTN | D6: 40193 | E6: 40634 | F6: LTN | G6: {=_xll.BDP(A6,$G$1)} -> BRSTNCLTN6J2 | H6: Eligible bond-date cells | I6: 1056
A7: EI319458 Corp | B7: BBG0000GCY50 | C7: BLTN | D7: 40367 | E7: 40817 | F7: LTN | G7: {=_xll.BDP(A7,$G$1)} -> BRSTNCLTN6K0
A8: EI396297 Corp | B8: BBG0015S01L4 | C8: BLTN | D8: 40424 | E8: 41275 | F8: LTN | G8: {=_xll.BDP(A8,$G$1)} -> BRSTNCLTN6H6
A9: EI491572 Corp | B9: BBG0019VLDL4 | C9: BLTN | D9: 40515 | E9: 41365 | F9: LTN | G9: {=_xll.BDP(A9,$G$1)} -> BRSTNCLTN6L8
A10: EI532240 Corp | B10: BBG001D0XTY5 | C10: BLTN | D10: 40550 | E10: 42005 | F10: LTN | G10: {=_xll.BDP(A10,$G$1)} -> BRSTNCLTN6N4
A11: EI539699 Corp | B11: BBG001DCRGB9 | C11: BLTN | D11: 40557 | E11: 41000 | F11: LTN | G11: {=_xll.BDP(A11,$G$1)} -> BRSTNCLTN6O2
A12: EI600364 Corp | B12: BBG001KFMVB6 | C12: BLTN | D12: 40606 | E12: 41456 | F12: LTN | G12: {=_xll.BDP(A12,$G$1)} -> BRSTNCLTN6P9
A13: EI740276 Corp | B13: BBG001W4GJP7 | C13: BLTN | D13: 40732 | E13: 41183 | F13: LTN | G13: {=_xll.BDP(A13,$G$1)} -> BRSTNCLTN6Q7
A14: EI740364 Corp | B14: BBG001W4HV97 | C14: BLTN | D14: 40732 | E14: 41640 | F14: LTN | G14: {=_xll.BDP(A14,$G$1)} -> BRSTNCLTN6M6
A15: EI896969 Corp | B15: BBG0029PGRL0 | C15: BLTN | D15: 40879 | E15: 41730 | F15: LTN | G15: {=_xll.BDP(A15,$G$1)} -> BRSTNCLTN6R5
A16: EI946581 Corp | B16: BBG002D4G9N0 | C16: BLTN | D16: 40914 | E16: 42370 | F16: LTN | G16: {=_xll.BDP(A16,$G$1)} -> BRSTNCLTN6S3
A17: EJ122920 Corp | B17: BBG002VS2DT7 | C17: BLTN | D17: 41004 | E17: 41821 | F17: LTN | G17: {=_xll.BDP(A17,$G$1)} -> BRSTNCLTN6T1
A18: EJ279019 Corp | B18: BBG00366YRC3 | C18: BLTN | D18: 41096 | E18: 41548 | F18: LTN | G18: {=_xll.BDP(A18,$G$1)} -> BRSTNCLTN6U9
... A43: EK016928 Corp | B43: BBG005T8QGS5 | C43: BNTNF | D43: 41649 | E43: 45658 | F43: NTNF | G43: {=_xll.BDP(A43,$G$1)} -> BRSTNCNTF170

Sheet hp
C4: id | D4: EH582517 Corp | E4: EH984665 Corp | F4: EH892164 Corp | G4: EI103101 Corp | H4: EI112870 Corp | I4: EI319458 Corp | J4: EI396297 Corp | K4: EI491572 Corp | L4: EI532240 Corp | M4: EI539699 Corp | N4: EI600364 Corp | O4: EI740276 Corp | P4: EI740364 Corp | Q4: EI896969 Corp | R4: EI946581 Corp | S4: EJ122920 Corp | T4: EJ279019 Corp | U4: EJ393182 Corp | V4: EJ393177 Corp | W4: EJ622341 Corp | X4: EJ622346 Corp | Y4: EJ745910 Corp | Z4: EJ869056 Corp | AA4: EK019971 Corp | AB4: EK016988 Corp | AC4: EK367819 Corp | AD4: EK367825 Corp | AE4: EK367849 Corp | AF4: EK690056 Corp | AG4: AF180711 Corp | AH4: AF180712 Corp | AI4: ED961585 Corp | AJ4: EF399861 Corp | AK4: EG090250 Corp | AL4: EG623122 Corp | AM4: EG623130 Corp | AN4: EI138329 Corp | AO4: EI396317 Corp | AP4: EI946569 Corp | AQ4: EJ060294 Corp | AR4: EJ501365 Corp | AS4: EK016928 Corp
C5: 40542 | D5: {=_xll.BDH(SUBSTITUTE(D$4," Corp","@ANDE Corp"),"PX_LAST",$C5,$C5,"days=all","dts=h","fill=0","QtTyp=P")} -> 999.19644 | E5: {=_xll.BDH(SUBSTITUTE(E$4," Corp","@ANDE Corp"),"PX_LAST",$C5,$C5,"days=all","dts=h","fill=0","QtTyp=P")} -> 0 | F5: {=_xll.BDH(SUBSTITUTE(F$4," Corp","@ANDE Corp"),"PX_LAST",$C5,$C5,"days=all","dts=h","fill=0","QtTyp=P")} -> 946.49069 | G5: {=_xll.BDH(SUBSTITUTE(G$4," Corp","@ANDE Corp"),"PX_LAST",$C5,$C5,"days=all","dts=h","fill=0","QtTyp=P")} -> 840.16432 | H5: {=_xll.BDH(SUBSTITUTE(H$4," Corp","@ANDE Corp"),"PX_LAST",$C5,$C5,"days=all","dts=h","fill=0","QtTyp=P")} -> 973.48717 | I5: {=_xll.BDH(SUBSTITUTE(I$4," Corp","@ANDE Corp"),"PX_LAST",$C5,$C5,"days=all","dts=h","fill=0","QtTyp=P")} -> 918.19058 | J5: {=_xll.BDH(SUBSTITUTE(J$4," Corp","@ANDE Corp"),"PX_LAST",$C5,$C5,"days=all","dts=h","fill=0","QtTyp=P")} -> 792.31365 | K5: {=_xll.BDH(SUBSTITUTE(K$4," Corp","@ANDE Corp"),"PX_LAST",$C5,$C5,"days=all","dts=h","fill=0","QtTyp=P")} -> 769.9159 | L5: 0 | M5: 0 | N5: 0 | O5: 0 | P5: 0 | Q5: 0 | R5: 0 | S5: 0 | T5: 0 | U5: 0 | V5: 0 | W5: 0 | X5: 0 | Y5: 0 | Z5: 0 | AA5: 0 | AB5: 0 | AC5: 0 | AD5: 0 | AE5: 0 | AF5: 0 | AG5: 0 | AH5: 0 | AI5: {=_xll.BDH(SUBSTITUTE(AI$4," Corp","@ANDE Corp"),"PX_LAST",$C5,$C5,"days=all","dts=h","fill=0","QtTyp=P")} -> 1030.0507 | AJ5: {=_xll.BDH(SUBSTITUTE(AJ$4," Corp","@ANDE Corp"),"PX_LAST",$C5,$C5,"days=all","dts=h","fill=0","QtTyp=P")} -> 995.76001 | AK5: {=_xll.BDH(SUBSTITUTE(AK$4," Corp","@ANDE Corp"),"PX_LAST",$C5,$C5,"days=all","dts=h","fill=0","QtTyp=P")} -> 966.03168 | AL5: {=_xll.BDH(SUBSTITUTE(AL$4," Corp","@ANDE Corp"),"PX_LAST",$C5,$C5,"days=all","dts=h","fill=0","QtTyp=P")} -> 1047.966 | AM5: {=_xll.BDH(SUBSTITUTE(AM$4," Corp","@ANDE Corp"),"PX_LAST",$C5,$C5,"days=all","dts=h","fill=0","QtTyp=P")} -> 1010.0607 | AN5: {=_xll.BDH(SUBSTITUTE(AN$4," Corp","@ANDE Corp"),"PX_LAST",$C5,$C5,"days=all","dts=h","fill=0","QtTyp=P")} -> 931.34702 | AO5: {=_xll.BDH(SUBSTITUTE(AO$4," Corp","@ANDE Corp"),"PX_LAST",$C5,$C5,"days=all","dts=h","fill=0","QtTyp=P")} -> 983.67022 | AP5: 0 | AQ5: 0 | AR5: 0 | AS5: 0
C6: 40574 | D6: 0 | E6: {=_xll.BDH(SUBSTITUTE(E$4," Corp","@ANDE Corp"),"PX_LAST",$C6,$C6,"days=all","dts=h","fill=0","QtTyp=P")} -> 0 | F6: {=_xll.BDH(SUBSTITUTE(F$4," Corp","@ANDE Corp"),"PX_LAST",$C6,$C6,"days=all","dts=h","fill=0","QtTyp=P")} -> 954.55399 | G6: {=_xll.BDH(SUBSTITUTE(G$4," Corp","@ANDE Corp"),"PX_LAST",$C6,$C6,"days=all","dts=h","fill=0","QtTyp=P")} -> 843.4387 | H6: {=_xll.BDH(SUBSTITUTE(H$4," Corp","@ANDE Corp"),"PX_LAST",$C6,$C6,"days=all","dts=h","fill=0","QtTyp=P")} -> 982.13896 | I6: {=_xll.BDH(SUBSTITUTE(I$4," Corp","@ANDE Corp"),"PX_LAST",$C6,$C6,"days=all","dts=h","fill=0","QtTyp=P")} -> 925.37077 | J6: {=_xll.BDH(SUBSTITUTE(J$4," Corp","@ANDE Corp"),"PX_LAST",$C6,$C6,"days=all","dts=h","fill=0","QtTyp=P")} -> 791.98573 | K6: {=_xll.BDH(SUBSTITUTE(K$4," Corp","@ANDE Corp"),"PX_LAST",$C6,$C6,"days=all","dts=h","fill=0","QtTyp=P")} -> 767.60627 | L6: {=_xll.BDH(SUBSTITUTE(L$4," Corp","@ANDE Corp"),"PX_LAST",$C6,$C6,"days=all","dts=h","fill=0","QtTyp=P")} -> 618.90154 | M6: {=_xll.BDH(SUBSTITUTE(M$4," Corp","@ANDE Corp"),"PX_LAST",$C6,$C6,"days=all","dts=h","fill=0","QtTyp=P")} -> 870.65887 | N6: 0 | O6: 0 | P6: 0 | Q6: 0 | R6: 0 | S6: 0 | T6: 0 | U6: 0 | V6: 0 | W6: 0 | X6: 0 | Y6: 0 | Z6: 0 | AA6: 0 | AB6: 0 | AC6: 0 | AD6: 0 | AE6: 0 | AF6: 0 | AG6: 0 | AH6: 0 | AI6: {=_xll.BDH(SUBSTITUTE(AI$4," Corp","@ANDE Corp"),"PX_LAST",$C6,$C6,"days=all","dts=h","fill=0","QtTyp=P")} -> 988.4755 | AJ6: {=_xll.BDH(SUBSTITUTE(AJ$4," Corp","@ANDE Corp"),"PX_LAST",$C6,$C6,"days=all","dts=h","fill=0","QtTyp=P")} -> 940.25932 | AK6: {=_xll.BDH(SUBSTITUTE(AK$4," Corp","@ANDE Corp"),"PX_LAST",$C6,$C6,"days=all","dts=h","fill=0","QtTyp=P")} -> 894.03252 | AL6: 0 | AM6: {=_xll.BDH(SUBSTITUTE(AM$4," Corp","@ANDE Corp"),"PX_LAST",$C6,$C6,"days=all","dts=h","fill=0","QtTyp=P")} -> 961.89724 | AN6: {=_xll.BDH(SUBSTITUTE(AN$4," Corp","@ANDE Corp"),"PX_LAST",$C6,$C6,"days=all","dts=h","fill=0","QtTyp=P")} -> 851.57745 | AO6: {=_xll.BDH(SUBSTITUTE(AO$4," Corp","@ANDE Corp"),"PX_LAST",$C6,$C6,"days=all","dts=h","fill=0","QtTyp=P")} -> 921.75111 | AP6: 0 | AQ6: 0 | AR6: 0 | AS6: 0
C7: 40602 | D7: 0 | E7: {=_xll.BDH(SUBSTITUTE(E$4," Corp","@ANDE Corp"),"PX_LAST",$C7,$C7,"days=all","dts=h","fill=0","QtTyp=P")} -> 0 | F7: {=_xll.BDH(SUBSTITUTE(F$4," Corp","@ANDE Corp"),"PX_LAST",$C7,$C7,"days=all","dts=h","fill=0","QtTyp=P")} -> 962.55698 | G7: {=_xll.BDH(SUBSTITUTE(G$4," Corp","@ANDE Corp"),"PX_LAST",$C7,$C7,"days=all","dts=h","fill=0","QtTyp=P")} -> 851.58468 | H7: {=_xll.BDH(SUBSTITUTE(H$4," Corp","@ANDE Corp"),"PX_LAST",$C7,$C7,"days=all","dts=h","fill=0","QtTyp=P")} -> 990.41693 | I7: {=_xll.BDH(SUBSTITUTE(I$4," Corp","@ANDE Corp"),"PX_LAST",$C7,$C7,"days=all","dts=h","fill=0","QtTyp=P")} -> 932.93404 | J7: {=_xll.BDH(SUBSTITUTE(J$4," Corp","@ANDE Corp"),"PX_LAST",$C7,$C7,"days=all","dts=h","fill=0","QtTyp=P")} -> 801.64896 | K7: {=_xll.BDH(SUBSTITUTE(K$4," Corp","@ANDE Corp"),"PX_LAST",$C7,$C7,"days=all","dts=h","fill=0","QtTyp=P")} -> 778.58878 | L7: {=_xll.BDH(SUBSTITUTE(L$4," Corp","@ANDE Corp"),"PX_LAST",$C7,$C7,"days=all","dts=h","fill=0","QtTyp=P")} -> 631.0005 | M7: {=_xll.BDH(SUBSTITUTE(M$4," Corp","@ANDE Corp"),"PX_LAST",$C7,$C7,"days=all","dts=h","fill=0","QtTyp=P")} -> 877.99392 | N7: 0 | O7: 0 | P7: 0 | Q7: 0 | R7: 0 | S7: 0 | T7: 0 | U7: 0 | V7: 0 | W7: 0 | X7: 0 | Y7: 0 | Z7: 0 | AA7: 0 | AB7: 0 | AC7: 0 | AD7: 0 | AE7: 0 | AF7: 0 | AG7: 0 | AH7: 0 | AI7: {=_xll.BDH(SUBSTITUTE(AI$4," Corp","@ANDE Corp"),"PX_LAST",$C7,$C7,"days=all","dts=h","fill=0","QtTyp=P")} -> 996.53918 | AJ7: {=_xll.BDH(SUBSTITUTE(AJ$4," Corp","@ANDE Corp"),"PX_LAST",$C7,$C7,"days=all","dts=h","fill=0","QtTyp=P")} -> 954.79579 | AK7: {=_xll.BDH(SUBSTITUTE(AK$4," Corp","@ANDE Corp"),"PX_LAST",$C7,$C7,"days=all","dts=h","fill=0","QtTyp=P")} -> 919.11184 | AL7: 0 | AM7: {=_xll.BDH(SUBSTITUTE(AM$4," Corp","@ANDE Corp"),"PX_LAST",$C7,$C7,"days=all","dts=h","fill=0","QtTyp=P")} -> 973.4379 | AN7: {=_xll.BDH(SUBSTITUTE(AN$4," Corp","@ANDE Corp"),"PX_LAST",$C7,$C7,"days=all","dts=h","fill=0","QtTyp=P")} -> 884.78991 | AO7: {=_xll.BDH(SUBSTITUTE(AO$4," Corp","@ANDE Corp"),"PX_LAST",$C7,$C7,"days=all","dts=h","fill=0","QtTyp=P")} -> 938.85137 | AP7: 0 | AQ7: 0 | AR7: 0 | AS7: 0
C8: 40633 | D8: 0 | E8: {=_xll.BDH(SUBSTITUTE(E$4," Corp","@ANDE Corp"),"PX_LAST",$C8,$C8,"days=all","dts=h","fill=0","QtTyp=P")} -> 0 | F8: {=_xll.BDH(SUBSTITUTE(F$4," Corp","@ANDE Corp"),"PX_LAST",$C8,$C8,"days=all","dts=h","fill=0","QtTyp=P")} -> 972.22627 | G8: {=_xll.BDH(SUBSTITUTE(G$4," Corp","@ANDE Corp"),"PX_LAST",$C8,$C8,"days=all","dts=h","fill=0","QtTyp=P")} -> 862.66705 | H8: {=_xll.BDH(SUBSTITUTE(H$4," Corp","@ANDE Corp"),"PX_LAST",$C8,$C8,"days=all","dts=h","fill=0","QtTyp=P")} -> 999.56106 | I8: {=_xll.BDH(SUBSTITUTE(I$4," Corp","@ANDE Corp"),"PX_LAST",$C8,$C8,"days=all","dts=h","fill=0","QtTyp=P")} -> 943.76255 | J8: {=_xll.BDH(SUBSTITUTE(J$4," Corp","@ANDE Corp"),"PX_LAST",$C8,$C8,"days=all","dts=h","fill=0","QtTyp=P")} -> 810.58154 | K8: {=_xll.BDH(SUBSTITUTE(K$4," Corp","@ANDE Corp"),"PX_LAST",$C8,$C8,"days=all","dts=h","fill=0","QtTyp=P")} -> 786.23758 | L8: {=_xll.BDH(SUBSTITUTE(L$4," Corp","@ANDE Corp"),"PX_LAST",$C8,$C8,"days=all","dts=h","fill=0","QtTyp=P")} -> 629.84514 | ... N8: {=_xll.BDH(SUBSTITUTE(N$4," Corp","@ANDE Corp"),"PX_LAST",$C8,$C8,"days=all","dts=h","fill=0","QtTyp=P")} -> 761.35682 | O8: 0 | P8: 0 | Q8: 0 | R8: 0 | S8: 0 | T8: 0 | U8: 0 | V8: 0 | W8: 0 | X8: 0 | Y8: 0 | Z8: 0 | AA8: 0 | AB8: 0 | AC8: 0 | AD8: 0 | AE8: 0 | AF8: 0 | AG8: 0 | AH8: 0 | AI8: {=_xll.BDH(SUBSTITUTE(AI$4," Corp","@ANDE Corp"),"PX_LAST",$C8,$C8,"days=all","dts=h","fill=0","QtTyp=P")} -> 1009.3218 | AJ8: {=_xll.BDH(SUBSTITUTE(AJ$4," Corp","@ANDE Corp"),"PX_LAST",$C8,$C8,"days=all","dts=h","fill=0","QtTyp=P")} -> 959.89119 | AK8: {=_xll.BDH(SUBSTITUTE(AK$4," Corp","@ANDE Corp"),"PX_LAST",$C8,$C8,"days=all","dts=h","fill=0","QtTyp=P")} -> 910.53647 | AL8: 0 | AM8: {=_xll.BDH(SUBSTITUTE(AM$4," Corp","@ANDE Corp"),"PX_LAST",$C8,$C8,"days=all","dts=h","fill=0","QtTyp=P")} -> 984.09262 | AN8: {=_xll.BDH(SUBSTITUTE(AN$4," Corp","@ANDE Corp"),"PX_LAST",$C8,$C8,"days=all","dts=h","fill=0","QtTyp=P")} -> 871.58418 | AO8: {=_xll.BDH(SUBSTITUTE(AO$4," Corp","@ANDE Corp"),"PX_LAST",$C8,$C8,"days=all","dts=h","fill=0","QtTyp=P")} -> 939.28759 | AP8: 0 | AQ8: 0 | AR8: 0 | AS8: 0
C9: 40662 | D9: 0 | E9: {=_xll.BDH(SUBSTITUTE(E$4," Corp","@ANDE Corp"),"PX_LAST",$C9,$C9,"days=all","dts=h","fill=0","QtTyp=P")} -> 0 | F9: {=_xll.BDH(SUBSTITUTE(F$4," Corp","@ANDE Corp"),"PX_LAST",$C9,$C9,"days=all","dts=h","fill=0","QtTyp=P")} -> 980.33146 | G9: {=_xll.BDH(SUBSTITUTE(G$4," Corp","@ANDE Corp"),"PX_LAST",$C9,$C9,"days=all","dts=h","fill=0","QtTyp=P")} -> 869.20783 | H9: 0 | I9: {=_xll.BDH(SUBSTITUTE(I$4," Corp","@ANDE Corp"),"PX_LAST",$C9,$C9,"days=all","dts=h","fill=0","QtTyp=P")} -> 951.30077 | J9: {=_xll.BDH(SUBSTITUTE(J$4," Corp","@ANDE Corp"),"PX_LAST",$C9,$C9,"days=all","dts=h","fill=0","QtTyp=P")} -> 817.91111 | K9: {=_xll.BDH(SUBSTITUTE(K$4," Corp","@ANDE Corp"),"PX_LAST",$C9,$C9,"days=all","dts=h","fill=0","QtTyp=P")} -> 794.37003 | L9: {=_xll.BDH(SUBSTITUTE(L$4," Corp","@ANDE Corp"),"PX_LAST",$C9,$C9,"days=all","dts=h","fill=0","QtTyp=P")} -> 641.78492 | M9: {=_xll.BDH(SUBSTITUTE(M$4," Corp","@ANDE Corp"),"PX_LAST",$C9,$C9,"days=all","dts=h","fill=0","QtTyp=P")} -> 896.21379 | N9: {=_xll.BDH(SUBSTITUTE(N$4," Corp","@ANDE Corp"),"PX_LAST",$C9,$C9,"days=all","dts=h","fill=0","QtTyp=P")} -> 769.98675 | O9: 0 | P9: 0 | Q9: 0 | R9: 0 | S9: 0 | T9: 0 | U9: 0 | V9: 0 | W9: 0 | X9: 0 | Y9: 0 | Z9: 0 | AA9: 0 | AB9: 0 | AC9: 0 | AD9: 0 | AE9: 0 | AF9: 0 | AG9: 0 | AH9: 0 | AI9: {=_xll.BDH(SUBSTITUTE(AI$4," Corp","@ANDE Corp"),"PX_LAST",$C9,$C9,"days=all","dts=h","fill=0","QtTyp=P")} -> 1016.7711 | AJ9: {=_xll.BDH(SUBSTITUTE(AJ$4," Corp","@ANDE Corp"),"PX_LAST",$C9,$C9,"days=all","dts=h","fill=0","QtTyp=P")} -> 973.75241 | AK9: {=_xll.BDH(SUBSTITUTE(AK$4," Corp","@ANDE Corp"),"PX_LAST",$C9,$C9,"days=all","dts=h","fill=0","QtTyp=P")} -> 930.52655 | AL9: 0 | AM9: {=_xll.BDH(SUBSTITUTE(AM$4," Corp","@ANDE Corp"),"PX_LAST",$C9,$C9,"days=all","dts=h","fill=0","QtTyp=P")} -> 993.12689 | AN9: {=_xll.BDH(SUBSTITUTE(AN$4," Corp","@ANDE Corp"),"PX_LAST",$C9,$C9,"days=all","dts=h","fill=0","QtTyp=P")} -> 894.74604 | AO9: {=_xll.BDH(SUBSTITUTE(AO$4," Corp","@ANDE Corp"),"PX_LAST",$C9,$C9,"days=all","dts=h","fill=0","QtTyp=P")} -> 955.61115 | AP9: 0 | AQ9: 0 | AR9: 0 | AS9: 0
C10: 40694 | D10: 0 | E10: {=_xll.BDH(SUBSTITUTE(E$4," Corp","@ANDE Corp"),"PX_LAST",$C10,$C10,"days=all","dts=h","fill=0","QtTyp=P")} -> 0 | F10: {=_xll.BDH(SUBSTITUTE(F$4," Corp","@ANDE Corp"),"PX_LAST",$C10,$C10,"days=all","dts=h","fill=0","QtTyp=P")} -> 990.05358 | G10: {=_xll.BDH(SUBSTITUTE(G$4," Corp","@ANDE Corp"),"PX_LAST",$C10,$C10,"days=all","dts=h","fill=0","QtTyp=P")} -> 879.41311 | H10: 0 | I10: {=_xll.BDH(SUBSTITUTE(I$4," Corp","@ANDE Corp"),"PX_LAST",$C10,$C10,"days=all","dts=h","fill=0","QtTyp=P")} -> 960.7788 | J10: {=_xll.BDH(SUBSTITUTE(J$4," Corp","@ANDE Corp"),"PX_LAST",$C10,$C10,"days=all","dts=h","fill=0","QtTyp=P")} -> 828.77985 | K10: {=_xll.BDH(SUBSTITUTE(K$4," Corp","@ANDE Corp"),"PX_LAST",$C10,$C10,"days=all","dts=h","fill=0","QtTyp=P")} -> 805.49623 | L10: {=_xll.BDH(SUBSTITUTE(L$4," Corp","@ANDE Corp"),"PX_LAST",$C10,$C10,"days=all","dts=h","fill=0","QtTyp=P")} -> 653.00725 | M10: {=_xll.BDH(SUBSTITUTE(M$4," Corp","@ANDE Corp"),"PX_LAST",$C10,$C10,"days=all","dts=h","fill=0","QtTyp=P")} -> 905.90005 | N10: {=_xll.BDH(SUBSTITUTE(N$4," Corp","@ANDE Corp"),"PX_LAST",$C10,$C10,"days=all","dts=h","fill=0","QtTyp=P")} -> 781.55249 | O10: 0 | P10: 0 | Q10: 0 | R10: 0 | S10: 0 | T10: 0 | U10: 0 | V10: 0 | W10: 0 | X10: 0 | Y10: 0 | Z10: 0 | AA10: 0 | AB10: 0 | AC10: 0 | AD10: 0 | AE10: 0 | AF10: 0 | AG10: 0 | AH10: 0 | AI10: {=_xll.BDH(SUBSTITUTE(AI$4," Corp","@ANDE Corp"),"PX_LAST",$C10,$C10,"days=all","dts=h","fill=0","QtTyp=P")} -> 1027.0253 | AJ10: {=_xll.BDH(SUBSTITUTE(AJ$4," Corp","@ANDE Corp"),"PX_LAST",$C10,$C10,"days=all","dts=h","fill=0","QtTyp=P")} -> 987.98501 | AK10: {=_xll.BDH(SUBSTITUTE(AK$4," Corp","@ANDE Corp"),"PX_LAST",$C10,$C10,"days=all","dts=h","fill=0","QtTyp=P")} -> 946.49932 | AL10: 0 | AM10: {=_xll.BDH(SUBSTITUTE(AM$4," Corp","@ANDE Corp"),"PX_LAST",$C10,$C10,"days=all","dts=h","fill=0","QtTyp=P")} -> 1005.9476 | AN10: {=_xll.BDH(SUBSTITUTE(AN$4," Corp","@ANDE Corp"),"PX_LAST",$C10,$C10,"days=all","dts=h","fill=0","QtTyp=P")} -> 912.66539 | AO10: {=_xll.BDH(SUBSTITUTE(AO$4," Corp","@ANDE Corp"),"PX_LAST",$C10,$C10,"days=all","dts=h","fill=0","QtTyp=P")} -> 971.27406 | AP10: 0 | AQ10: 0 | AR10: 0 | AS10: 0
C11: 40724 | D11: 0 | E11: {=_xll.BDH(SUBSTITUTE(E$4," Corp","@ANDE Corp"),"PX_LAST",$C11,$C11,"days=all","dts=h","fill=0","QtTyp=P")} -> 0 | F11: {=_xll.BDH(SUBSTITUTE(F$4," Corp","@ANDE Corp"),"PX_LAST",$C11,$C11,"days=all","dts=h","fill=0","QtTyp=P")} -> 999.54214 | G11: {=_xll.BDH(SUBSTITUTE(G$4," Corp","@ANDE Corp"),"PX_LAST",$C11,$C11,"days=all","dts=h","fill=0","QtTyp=P")} -> 886.76654 | H11: 0 | I11: {=_xll.BDH(SUBSTITUTE(I$4," Corp","@ANDE Corp"),"PX_LAST",$C11,$C11,"days=all","dts=h","fill=0","QtTyp=P")} -> 969.91757 | J11: {=_xll.BDH(SUBSTITUTE(J$4," Corp","@ANDE Corp"),"PX_LAST",$C11,$C11,"days=all","dts=h","fill=0","QtTyp=P")} -> 834.69535 | K11: {=_xll.BDH(SUBSTITUTE(K$4," Corp","@ANDE Corp"),"PX_LAST",$C11,$C11,"days=all","dts=h","fill=0","QtTyp=P")} -> 810.67114 | L11: {=_xll.BDH(SUBSTITUTE(L$4," Corp","@ANDE Corp"),"PX_LAST",$C11,$C11,"days=all","dts=h","fill=0","QtTyp=P")} -> 656.61357 | M11: {=_xll.BDH(SUBSTITUTE(M$4," Corp","@ANDE Corp"),"PX_LAST",$C11,$C11,"days=all","dts=h","fill=0","QtTyp=P")} -> 914.05053 | N11: {=_xll.BDH(SUBSTITUTE(N$4," Corp","@ANDE Corp"),"PX_LAST",$C11,$C11,"days=all","dts=h","fill=0","QtTyp=P")} -> 786.51817 | O11: 0 | P11: 0 | Q11: 0 | R11: 0 | S11: 0 | T11: 0 | U11: 0 | V11: 0 | W11: 0 | X11: 0 | Y11: 0 | Z11: 0 | AA11: 0 | AB11: 0 | AC11: 0 | AD11: 0 | AE11: 0 | AF11: 0 | AG11: 0 | AH11: 0 | AI11: {=_xll.BDH(SUBSTITUTE(AI$4," Corp","@ANDE Corp"),"PX_LAST",$C11,$C11,"days=all","dts=h","fill=0","QtTyp=P")} -> 1036.5137 | AJ11: {=_xll.BDH(SUBSTITUTE(AJ$4," Corp","@ANDE Corp"),"PX_LAST",$C11,$C11,"days=all","dts=h","fill=0","QtTyp=P")} -> 993.28163 | AK11: {=_xll.BDH(SUBSTITUTE(AK$4," Corp","@ANDE Corp"),"PX_LAST",$C11,$C11,"days=all","dts=h","fill=0","QtTyp=P")} -> 953.59354 | AL11: 0 | AM11: {=_xll.BDH(SUBSTITUTE(AM$4," Corp","@ANDE Corp"),"PX_LAST",$C11,$C11,"days=all","dts=h","fill=0","QtTyp=P")} -> 1013.3301 | AN11: {=_xll.BDH(SUBSTITUTE(AN$4," Corp","@ANDE Corp"),"PX_LAST",$C11,$C11,"days=all","dts=h","fill=0","QtTyp=P")} -> 920.02585 | AO11: {=_xll.BDH(SUBSTITUTE(AO$4," Corp","@ANDE Corp"),"PX_LAST",$C11,$C11,"days=all","dts=h","fill=0","QtTyp=P")} -> 977.85691 | AP11: 0 | AQ11: 0 | AR11: 0 | AS11: 0
C12: 40753 | D12: 0 | E12: {=_xll.BDH(SUBSTITUTE(E$4," Corp","@ANDE Corp"),"PX_LAST",$C12,$C12,"days=all","dts=h","fill=0","QtTyp=P")} -> 0 | F12: 0 | G12: {=_xll.BDH(SUBSTITUTE(G$4," Corp","@ANDE Corp"),"PX_LAST",$C12,$C12,"days=all","dts=h","fill=0","QtTyp=P")} -> 896.3173 | H12: 0 | I12: {=_xll.BDH(SUBSTITUTE(I$4," Corp","@ANDE Corp"),"PX_LAST",$C12,$C12,"days=all","dts=h","fill=0","QtTyp=P")} -> 979.27278 | J12: {=_xll.BDH(SUBSTITUTE(J$4," Corp","@ANDE Corp"),"PX_LAST",$C12,$C12,"days=all","dts=h","fill=0","QtTyp=P")} -> 843.12066 | K12: {=_xll.BDH(SUBSTITUTE(K$4," Corp","@ANDE Corp"),"PX_LAST",$C12,$C12,"days=all","dts=h","fill=0","QtTyp=P")} -> 818.66744 | L12: {=_xll.BDH(SUBSTITUTE(L$4," Corp","@ANDE Corp"),"PX_LAST",$C12,$C12,"days=all","dts=h","fill=0","QtTyp=P")} -> 658.27624 | M12: {=_xll.BDH(SUBSTITUTE(M$4," Corp","@ANDE Corp"),"PX_LAST",$C12,$C12,"days=all","dts=h","fill=0","QtTyp=P")} -> 923.42467 | N12: {=_xll.BDH(SUBSTITUTE(N$4," Corp","@ANDE Corp"),"PX_LAST",$C12,$C12,"days=all","dts=h","fill=0","QtTyp=P")} -> 793.77399 | O12: {=_xll.BDH(SUBSTITUTE(O$4," Corp","@ANDE Corp"),"PX_LAST",$C12,$C12,"days=all","dts=h","fill=0","QtTyp=P")} -> 868.91343 | P12: {=_xll.BDH(SUBSTITUTE(P$4," Corp","@ANDE Corp"),"PX_LAST",$C12,$C12,"days=all","dts=h","fill=0","QtTyp=P")} -> 744.66213 | Q12: 0 | R12: 0 | S12: 0 | T12: 0 | U12: 0 | V12: 0 | W12: 0 | X12: 0 | Y12: 0 | Z12: 0 | AA12: 0 | AB12: 0 | AC12: 0 | AD12: 0 | AE12: 0 | AF12: 0 | AG12: 0 | AH12: 0 | AI12: {=_xll.BDH(SUBSTITUTE(AI$4," Corp","@ANDE Corp"),"PX_LAST",$C12,$C12,"days=all","dts=h","fill=0","QtTyp=P")} -> 997.60878 | AJ12: {=_xll.BDH(SUBSTITUTE(AJ$4," Corp","@ANDE Corp"),"PX_LAST",$C12,$C12,"days=all","dts=h","fill=0","QtTyp=P")} -> 951.23625 | AK12: {=_xll.BDH(SUBSTITUTE(AK$4," Corp","@ANDE Corp"),"PX_LAST",$C12,$C12,"days=all","dts=h","fill=0","QtTyp=P")} -> 901.39527 | AL12: 0 | AM12: {=_xll.BDH(SUBSTITUTE(AM$4," Corp","@ANDE Corp"),"PX_LAST",$C12,$C12,"days=all","dts=h","fill=0","QtTyp=P")} -> 974.08842 | AN12: {=_xll.BDH(SUBSTITUTE(AN$4," Corp","@ANDE Corp"),"PX_LAST",$C12,$C12,"days=all","dts=h","fill=0","QtTyp=P")} -> 863.568 | AO12: {=_xll.BDH(SUBSTITUTE(AO$4," Corp","@ANDE Corp"),"PX_LAST",$C12,$C12,"days=all","dts=h","fill=0","QtTyp=P")} -> 932.13832 | AP12: 0 | AQ12: 0 | AR12: 0 | AS12: 0
C13: 40786 | D13: 0 | E13: {=_xll.BDH(SUBSTITUTE(E$4," Corp","@ANDE Corp"),"PX_LAST",$C13,$C13,"days=all","dts=h","fill=0","QtTyp=P")} -> 0 | F13: 0 | G13: {=_xll.BDH(SUBSTITUTE(G$4," Corp","@ANDE Corp"),"PX_LAST",$C13,$C13,"days=all","dts=h","fill=0","QtTyp=P")} -> 914.28875 | H13: 0 | I13: {=_xll.BDH(SUBSTITUTE(I$4," Corp","@ANDE Corp"),"PX_LAST",$C13,$C13,"days=all","dts=h","fill=0","QtTyp=P")} -> 989.88856 | J13: {=_xll.BDH(SUBSTITUTE(J$4," Corp","@ANDE Corp"),"PX_LAST",$C13,$C13,"days=all","dts=h","fill=0","QtTyp=P")} -> 868.53593 | K13: {=_xll.BDH(SUBSTITUTE(K$4," Corp","@ANDE Corp"),"PX_LAST",$C13,$C13,"days=all","dts=h","fill=0","QtTyp=P")} -> 846.63905 | L13: {=_xll.BDH(SUBSTITUTE(L$4," Corp","@ANDE Corp"),"PX_LAST",$C13,$C13,"days=all","dts=h","fill=0","QtTyp=P")} -> 694.97559 | M13: {=_xll.BDH(SUBSTITUTE(M$4," Corp","@ANDE Corp"),"PX_LAST",$C13,$C13,"days=all","dts=h","fill=0","QtTyp=P")} -> 937.86048 | N13: {=_xll.BDH(SUBSTITUTE(N$4," Corp","@ANDE Corp"),"PX_LAST",$C13,$C13,"days=all","dts=h","fill=0","QtTyp=P")} -> 824.24018 | O13: {=_xll.BDH(SUBSTITUTE(O$4," Corp","@ANDE Corp"),"PX_LAST",$C13,$C13,"days=all","dts=h","fill=0","QtTyp=P")} -> 890.72566 | P13: {=_xll.BDH(SUBSTITUTE(P$4," Corp","@ANDE Corp"),"PX_LAST",$C13,$C13,"days=all","dts=h","fill=0","QtTyp=P")} -> 778.31165 | Q13: 0 | R13: 0 | S13: 0 | T13: 0 | U13: 0 | V13: 0 | W13: 0 | X13: 0 | Y13: 0 | Z13: 0 | AA13: 0 | AB13: 0 | AC13: 0 | AD13: 0 | AE13: 0 | AF13: 0 | AG13: 0 | AH13: 0 | AI13: {=_xll.BDH(SUBSTITUTE(AI$4," Corp","@ANDE Corp"),"PX_LAST",$C13,$C13,"days=all","dts=h","fill=0","QtTyp=P")} -> 1009.9149 | AJ13: {=_xll.BDH(SUBSTITUTE(AJ$4," Corp","@ANDE Corp"),"PX_LAST",$C13,$C13,"days=all","dts=h","fill=0","QtTyp=P")} -> 990.69003 | AK13: {=_xll.BDH(SUBSTITUTE(AK$4," Corp","@ANDE Corp"),"PX_LAST",$C13,$C13,"days=all","dts=h","fill=0","QtTyp=P")} -> 954.97578 | AL13: 0 | AM13: {=_xll.BDH(SUBSTITUTE(AM$4," Corp","@ANDE Corp"),"PX_LAST",$C13,$C13,"days=all","dts=h","fill=0","QtTyp=P")} -> 1002.5208 | AN13: {=_xll.BDH(SUBSTITUTE(AN$4," Corp","@ANDE Corp"),"PX_LAST",$C13,$C13,"days=all","dts=h","fill=0","QtTyp=P")} -> 929.26675 | AO13: {=_xll.BDH(SUBSTITUTE(AO$4," Corp","@ANDE Corp"),"PX_LAST",$C13,$C13,"days=all","dts=h","fill=0","QtTyp=P")} -> 977.76183 | AP13: 0 | AQ13: 0 | AR13: 0 | AS13: 0
C14: 40816 | D14: 0 | E14: {=_xll.BDH(SUBSTITUTE(E$4," Corp","@ANDE Corp"),"PX_LAST",$C14,$C14,"days=all","dts=h","fill=0","QtTyp=P")} -> 0 | F14: 0 | G14: {=_xll.BDH(SUBSTITUTE(G$4," Corp","@ANDE Corp"),"PX_LAST",$C14,$C14,"days=all","dts=h","fill=0","QtTyp=P")} -> 927.93126 | H14: 0 | I14: {=_xll.BDH(SUBSTITUTE(I$4," Corp","@ANDE Corp"),"PX_LAST",$C14,$C14,"days=all","dts=h","fill=0","QtTyp=P")} -> 999.55371 | J14: {=_xll.BDH(SUBSTITUTE(J$4," Corp","@ANDE Corp"),"PX_LAST",$C14,$C14,"days=all","dts=h","fill=0","QtTyp=P")} -> 883.86741 | K14: {=_xll.BDH(SUBSTITUTE(K$4," Corp","@ANDE Corp"),"PX_LAST",$C14,$C14,"days=all","dts=h","fill=0","QtTyp=P")} -> 862.55815 | L14: {=_xll.BDH(SUBSTITUTE(L$4," Corp","@ANDE Corp"),"PX_LAST",$C14,$C14,"days=all","dts=h","fill=0","QtTyp=P")} -> 706.04838 | M14: {=_xll.BDH(SUBSTITUTE(M$4," Corp","@ANDE Corp"),"PX_LAST",$C14,$C14,"days=all","dts=h","fill=0","QtTyp=P")} -> 950.18664 | N14: {=_xll.BDH(SUBSTITUTE(N$4," Corp","@ANDE Corp"),"PX_LAST",$C14,$C14,"days=all","dts=h","fill=0","QtTyp=P")} -> 839.69787 | O14: {=_xll.BDH(SUBSTITUTE(O$4," Corp","@ANDE Corp"),"PX_LAST",$C14,$C14,"days=all","dts=h","fill=0","QtTyp=P")} -> 905.30427 | P14: {=_xll.BDH(SUBSTITUTE(P$4," Corp","@ANDE Corp"),"PX_LAST",$C14,$C14,"days=all","dts=h","fill=0","QtTyp=P")} -> 791.0818 | Q14: 0 | R14: 0 | S14: 0 | T14: 0 | U14: 0 | V14: 0 | W14: 0 | X14: 0 | Y14: 0 | Z14: 0 | AA14: 0 | AB14: 0 | AC14: 0 | AD14: 0 | AE14: 0 | AF14: 0 | AG14: 0 | AH14: 0 | AI14: {=_xll.BDH(SUBSTITUTE(AI$4," Corp","@ANDE Corp"),"PX_LAST",$C14,$C14,"days=all","dts=h","fill=0","QtTyp=P")} -> 1021.5229 | AJ14: {=_xll.BDH(SUBSTITUTE(AJ$4," Corp","@ANDE Corp"),"PX_LAST",$C14,$C14,"days=all","dts=h","fill=0","QtTyp=P")} -> 1006.4522 | AK14: {=_xll.BDH(SUBSTITUTE(AK$4," Corp","@ANDE Corp"),"PX_LAST",$C14,$C14,"days=all","dts=h","fill=0","QtTyp=P")} -> 968.1444 | AL14: 0 | AM14: {=_xll.BDH(SUBSTITUTE(AM$4," Corp","@ANDE Corp"),"PX_LAST",$C14,$C14,"days=all","dts=h","fill=0","QtTyp=P")} -> 1019.6791 | AN14: {=_xll.BDH(SUBSTITUTE(AN$4," Corp","@ANDE Corp"),"PX_LAST",$C14,$C14,"days=all","dts=h","fill=0","QtTyp=P")} -> 941.03449 | AO14: {=_xll.BDH(SUBSTITUTE(AO$4," Corp","@ANDE Corp"),"PX_LAST",$C14,$C14,"days=all","dts=h","fill=0","QtTyp=P")} -> 992.11906 | AP14: 0 | AQ14: 0 | AR14: 0 | AS14: 0
C15: 40847 | D15: 0 | E15: {=_xll.BDH(SUBSTITUTE(E$4," Corp","@ANDE Corp"),"PX_LAST",$C15,$C15,"days=all","dts=h","fill=0","QtTyp=P")} -> 0 | F15: 0 | G15: {=_xll.BDH(SUBSTITUTE(G$4," Corp","@ANDE Corp"),"PX_LAST",$C15,$C15,"days=all","dts=h","fill=0","QtTyp=P")} -> 935.43753 | H15: 0 | I15: 0 | J15: {=_xll.BDH(SUBSTITUTE(J$4," Corp","@ANDE Corp"),"PX_LAST",$C15,$C15,"days=all","dts=h","fill=0","QtTyp=P")} -> 891.23163 | K15: {=_xll.BDH(SUBSTITUTE(K$4," Corp","@ANDE Corp"),"PX_LAST",$C15,$C15,"days=all","dts=h","fill=0","QtTyp=P")} -> 869.92822 | L15: {=_xll.BDH(SUBSTITUTE(L$4," Corp","@ANDE Corp"),"PX_LAST",$C15,$C15,"days=all","dts=h","fill=0","QtTyp=P")} -> 715.32968 | M15: {=_xll.BDH(SUBSTITUTE(M$4," Corp","@ANDE Corp"),"PX_LAST",$C15,$C15,"days=all","dts=h","fill=0","QtTyp=P")} -> 958.06831 | N15: {=_xll.BDH(SUBSTITUTE(N$4," Corp","@ANDE Corp"),"PX_LAST",$C15,$C15,"days=all","dts=h","fill=0","QtTyp=P")} -> 847.4671 | O15: {=_xll.BDH(SUBSTITUTE(O$4," Corp","@ANDE Corp"),"PX_LAST",$C15,$C15,"days=all","dts=h","fill=0","QtTyp=P")} -> 912.99486 | P15: {=_xll.BDH(SUBSTITUTE(P$4," Corp","@ANDE Corp"),"PX_LAST",$C15,$C15,"days=all","dts=h","fill=0","QtTyp=P")} -> 800.25373 | Q15: 0 | R15: 0 | S15: 0 | T15: 0 | U15: 0 | V15: 0 | W15: 0 | X15: 0 | Y15: 0 | Z15: 0 | AA15: 0 | AB15: 0 | AC15: 0 | AD15: 0 | AE15: 0 | AF15: 0 | AG15: 0 | AH15: 0 | AI15: {=_xll.BDH(SUBSTITUTE(AI$4," Corp","@ANDE Corp"),"PX_LAST",$C15,$C15,"days=all","dts=h","fill=0","QtTyp=P")} -> 1029.9979 | AJ15: {=_xll.BDH(SUBSTITUTE(AJ$4," Corp","@ANDE Corp"),"PX_LAST",$C15,$C15,"days=all","dts=h","fill=0","QtTyp=P")} -> 1017.6473 | AK15: {=_xll.BDH(SUBSTITUTE(AK$4," Corp","@ANDE Corp"),"PX_LAST",$C15,$C15,"days=all","dts=h","fill=0","QtTyp=P")} -> 980.88756 | AL15: 0 | AM15: {=_xll.BDH(SUBSTITUTE(AM$4," Corp","@ANDE Corp"),"PX_LAST",$C15,$C15,"days=all","dts=h","fill=0","QtTyp=P")} -> 1028.2582 | AN15: {=_xll.BDH(SUBSTITUTE(AN$4," Corp","@ANDE Corp"),"PX_LAST",$C15,$C15,"days=all","dts=h","fill=0","QtTyp=P")} -> 952.01018 | AO15: {=_xll.BDH(SUBSTITUTE(AO$4," Corp","@ANDE Corp"),"PX_LAST",$C15,$C15,"days=all","dts=h","fill=0","QtTyp=P")} -> 1004.6524 | AP15: 0 | AQ15: 0 | AR15: 0 | AS15: 0
C16: 40877 | D16: 0 | E16: {=_xll.BDH(SUBSTITUTE(E$4," Corp","@ANDE Corp"),"PX_LAST",$C16,$C16,"days=all","dts=h","fill=0","QtTyp=P")} -> 0 | F16: 0 | G16: {=_xll.BDH(SUBSTITUTE(G$4," Corp","@ANDE Corp"),"PX_LAST",$C16,$C16,"days=all","dts=h","fill=0","QtTyp=P")} -> 945.47921 | H16: 0 | I16: 0 | J16: {=_xll.BDH(SUBSTITUTE(J$4," Corp","@ANDE Corp"),"PX_LAST",$C16,$C16,"days=all","dts=h","fill=0","QtTyp=P")} -> 904.37712 | K16: {=_xll.BDH(SUBSTITUTE(K$4," Corp","@ANDE Corp"),"PX_LAST",$C16,$C16,"days=all","dts=h","fill=0","QtTyp=P")} -> 884.2486 | L16: {=_xll.BDH(SUBSTITUTE(L$4," Corp","@ANDE Corp"),"PX_LAST",$C16,$C16,"days=all","dts=h","fill=0","QtTyp=P")} -> 736.49904 | M16: {=_xll.BDH(SUBSTITUTE(M$4," Corp","@ANDE Corp"),"PX_LAST",$C16,$C16,"days=all","dts=h","fill=0","QtTyp=P")} -> 966.8155 | N16: {=_xll.BDH(SUBSTITUTE(N$4," Corp","@ANDE Corp"),"PX_LAST",$C16,$C16,"days=all","dts=h","fill=0","QtTyp=P")} -> 863.31975 | O16: {=_xll.BDH(SUBSTITUTE(O$4," Corp","@ANDE Corp"),"PX_LAST",$C16,$C16,"days=all","dts=h","fill=0","QtTyp=P")} -> 924.5038 | P16: {=_xll.BDH(SUBSTITUTE(P$4," Corp","@ANDE Corp"),"PX_LAST",$C16,$C16,"days=all","dts=h","fill=0","QtTyp=P")} -> 819.72454 | Q16: 0 | R16: 0 | S16: 0 | T16: 0 | U16: 0 | V16: 0 | W16: 0 | X16: 0 | Y16: 0 | Z16: 0 | AA16: 0 | AB16: 0 | AC16: 0 | AD16: 0 | AE16: 0 | AF16: 0 | AG16: 0 | AH16: 0 | AI16: {=_xll.BDH(SUBSTITUTE(AI$4," Corp","@ANDE Corp"),"PX_LAST",$C16,$C16,"days=all","dts=h","fill=0","QtTyp=P")} -> 1038.9528 | AJ16: {=_xll.BDH(SUBSTITUTE(AJ$4," Corp","@ANDE Corp"),"PX_LAST",$C16,$C16,"days=all","dts=h","fill=0","QtTyp=P")} -> 1040.1122 | AK16: {=_xll.BDH(SUBSTITUTE(AK$4," Corp","@ANDE Corp"),"PX_LAST",$C16,$C16,"days=all","dts=h","fill=0","QtTyp=P")} -> 1009.0702 | AL16: 0 | AM16: {=_xll.BDH(SUBSTITUTE(AM$4," Corp","@ANDE Corp"),"PX_LAST",$C16,$C16,"days=all","dts=h","fill=0","QtTyp=P")} -> 1043.1239 | AN16: {=_xll.BDH(SUBSTITUTE(AN$4," Corp","@ANDE Corp"),"PX_LAST",$C16,$C16,"days=all","dts=h","fill=0","QtTyp=P")} -> 981.07401 | AO16: {=_xll.BDH(SUBSTITUTE(AO$4," Corp","@ANDE Corp"),"PX_LAST",$C16,$C16,"days=all","dts=h","fill=0","QtTyp=P")} -> 1030.3798 | AP16: 0 | AQ16: 0 | AR16: 0 | AS16: 0
C17: 40906 | D17: 0 | E17: {=_xll.BDH(SUBSTITUTE(E$4," Corp","@ANDE Corp"),"PX_LAST",$C17,$C17,"days=all","dts=h","fill=0","QtTyp=P")} -> 0 | F17: 0 | G17: {=_xll.BDH(SUBSTITUTE(G$4," Corp","@ANDE Corp"),"PX_LAST",$C17,$C17,"days=all","dts=h","fill=0","QtTyp=P")} -> 952.23426 | H17: 0 | I17: 0 | J17: {=_xll.BDH(SUBSTITUTE(J$4," Corp","@ANDE Corp"),"PX_LAST",$C17,$C17,"days=all","dts=h","fill=0","QtTyp=P")} -> 907.95657 | K17: {=_xll.BDH(SUBSTITUTE(K$4," Corp","@ANDE Corp"),"PX_LAST",$C17,$C17,"days=all","dts=h","fill=0","QtTyp=P")} -> 886.48605 | L17: {=_xll.BDH(SUBSTITUTE(L$4," Corp","@ANDE Corp"),"PX_LAST",$C17,$C17,"days=all","dts=h","fill=0","QtTyp=P")} -> 732.58897 | M17: {=_xll.BDH(SUBSTITUTE(M$4," Corp","@ANDE Corp"),"PX_LAST",$C17,$C17,"days=all","dts=h","fill=0","QtTyp=P")} -> 974.79378 | N17: {=_xll.BDH(SUBSTITUTE(N$4," Corp","@ANDE Corp"),"PX_LAST",$C17,$C17,"days=all","dts=h","fill=0","QtTyp=P")} -> 863.51333 | O17: {=_xll.BDH(SUBSTITUTE(O$4," Corp","@ANDE Corp"),"PX_LAST",$C17,$C17,"days=all","dts=h","fill=0","QtTyp=P")} -> 929.68268 | P17: {=_xll.BDH(SUBSTITUTE(P$4," Corp","@ANDE Corp"),"PX_LAST",$C17,$C17,"days=all","dts=h","fill=0","QtTyp=P")} -> 816.94672 | Q17: {=_xll.BDH(SUBSTITUTE(Q$4," Corp","@ANDE Corp"),"PX_LAST",$C17,$C17,"days=all","dts=h","fill=0","QtTyp=P")} -> 795.38577 | R17: 0 | S17: 0 | T17: 0 | U17: 0 | V17: 0 | W17: 0 | X17: 0 | Y17: 0 | Z17: 0 | AA17: 0 | AB17: 0 | AC17: 0 | AD17: 0 | AE17: 0 | AF17: 0 | AG17: 0 | AH17: 0 | AI17: {=_xll.BDH(SUBSTITUTE(AI$4," Corp","@ANDE Corp"),"PX_LAST",$C17,$C17,"days=all","dts=h","fill=0","QtTyp=P")} -> 1047.9467 | AJ17: {=_xll.BDH(SUBSTITUTE(AJ$4," Corp","@ANDE Corp"),"PX_LAST",$C17,$C17,"days=all","dts=h","fill=0","QtTyp=P")} -> 1038.4205 | AK17: {=_xll.BDH(SUBSTITUTE(AK$4," Corp","@ANDE Corp"),"PX_LAST",$C17,$C17,"days=all","dts=h","fill=0","QtTyp=P")} -> 1009.1104 | AL17: 0 | AM17: {=_xll.BDH(SUBSTITUTE(AM$4," Corp","@ANDE Corp"),"PX_LAST",$C17,$C17,"days=all","dts=h","fill=0","QtTyp=P")} -> 1047.5022 | AN17: {=_xll.BDH(SUBSTITUTE(AN$4," Corp","@ANDE Corp"),"PX_LAST",$C17,$C17,"days=all","dts=h","fill=0","QtTyp=P")} -> 979.64652 | AO17: {=_xll.BDH(SUBSTITUTE(AO$4," Corp","@ANDE Corp"),"PX_LAST",$C17,$C17,"days=all","dts=h","fill=0","QtTyp=P")} -> 1027.4858 | AP17: 0 | AQ17: 0 | AR17: 0 | AS17: 0
C18: 40939 | D18: 0 | E18: 0 | F18: 0 | G18: {=_xll.BDH(SUBSTITUTE(G$4," Corp","@ANDE Corp"),"PX_LAST",$C18,$C18,"days=all","dts=h","fill=0","QtTyp=P")} -> 962.14973 | H18: 0 | I18: 0 | J18: {=_xll.BDH(SUBSTITUTE(J$4," Corp","@ANDE Corp"),"PX_LAST",$C18,$C18,"days=all","dts=h","fill=0","QtTyp=P")} -> 919.74438 | K18: {=_xll.BDH(SUBSTITUTE(K$4," Corp","@ANDE Corp"),"PX_LAST",$C18,$C18,"days=all","dts=h","fill=0","QtTyp=P")} -> 899.23288 | L18: {=_xll.BDH(SUBSTITUTE(L$4," Corp","@ANDE Corp"),"PX_LAST",$C18,$C18,"days=all","dts=h","fill=0","QtTyp=P")} -> 745.07367 | M18: {=_xll.BDH(SUBSTITUTE(M$4," Corp","@ANDE Corp"),"PX_LAST",$C18,$C18,"days=all","dts=h","fill=0","QtTyp=P")} -> 984.02455 | N18: {=_xll.BDH(SUBSTITUTE(N$4," Corp","@ANDE Corp"),"PX_LAST",$C18,$C18,"days=all","dts=h","fill=0","QtTyp=P")} -> 877.34628 | O18: {=_xll.BDH(SUBSTITUTE(O$4," Corp","@ANDE Corp"),"PX_LAST",$C18,$C18,"days=all","dts=h","fill=0","QtTyp=P")} -> 940.4078 | P18: {=_xll.BDH(SUBSTITUTE(P$4," Corp","@ANDE Corp"),"PX_LAST",$C18,$C18,"days=all","dts=h","fill=0","QtTyp=P")} -> 831.80988 | Q18: {=_xll.BDH(SUBSTITUTE(Q$4," Corp","@ANDE Corp"),"PX_LAST",$C18,$C18,"days=all","dts=h","fill=0","QtTyp=P")} -> 809.61076 | R18: {=_xll.BDH(SUBSTITUTE(R$4," Corp","@ANDE Corp"),"PX_LAST",$C18,$C18,"days=all","dts=h","fill=0","QtTyp=P")} -> 666.00333 | S18: 0 | T18: 0 | U18: 0 | V18: 0 | W18: 0 | X18: 0 | Y18: 0 | Z18: 0 | AA18: 0 | AB18: 0 | AC18: 0 | AD18: 0 | AE18: 0 | AF18: 0 | AG18: 0 | AH18: 0 | AI18: 0 | AJ18: {=_xll.BDH(SUBSTITUTE(AJ$4," Corp","@ANDE Corp"),"PX_LAST",$C18,$C18,"days=all","dts=h","fill=0","QtTyp=P")} -> 1006.9698 | AK18: {=_xll.BDH(SUBSTITUTE(AK$4," Corp","@ANDE Corp"),"PX_LAST",$C18,$C18,"days=all","dts=h","fill=0","QtTyp=P")} -> 972.32801 | AL18: 0 | AM18: {=_xll.BDH(SUBSTITUTE(AM$4," Corp","@ANDE Corp"),"PX_LAST",$C18,$C18,"days=all","dts=h","fill=0","QtTyp=P")} -> 1011.6782 | AN18: {=_xll.BDH(SUBSTITUTE(AN$4," Corp","@ANDE Corp"),"PX_LAST",$C18,$C18,"days=all","dts=h","fill=0","QtTyp=P")} -> 932.69276 | AO18: {=_xll.BDH(SUBSTITUTE(AO$4," Corp","@ANDE Corp"),"PX_LAST",$C18,$C18,"days=all","dts=h","fill=0","QtTyp=P")} -> 994.6409 | AP18: {=_xll.BDH(SUBSTITUTE(AP$4," Corp","@ANDE Corp"),"PX_LAST",$C18,$C18,"days=all","dts=h","fill=0","QtTyp=P")} -> 0 | AQ18: 0 | AR18: 0 | AS18: 0
C19: 40968 | D19: 0 | E19: 0 | F19: 0 | G19: {=_xll.BDH(SUBSTITUTE(G$4," Corp","@ANDE Corp"),"PX_LAST",$C19,$C19,"days=all","dts=h","fill=0","QtTyp=P")} -> 969.59272 | H19: 0 | I19: 0 | J19: {=_xll.BDH(SUBSTITUTE(J$4," Corp","@ANDE Corp"),"PX_LAST",$C19,$C19,"days=all","dts=h","fill=0","QtTyp=P")} -> 928.07009 | K19: {=_xll.BDH(SUBSTITUTE(K$4," Corp","@ANDE Corp"),"PX_LAST",$C19,$C19,"days=all","dts=h","fill=0","QtTyp=P")} -> 908.19438 | L19: {=_xll.BDH(SUBSTITUTE(L$4," Corp","@ANDE Corp"),"PX_LAST",$C19,$C19,"days=all","dts=h","fill=0","QtTyp=P")} -> 755.03421 | M19: {=_xll.BDH(SUBSTITUTE(M$4," Corp","@ANDE Corp"),"PX_LAST",$C19,$C19,"days=all","dts=h","fill=0","QtTyp=P")} -> 991.32899 | N19: {=_xll.BDH(SUBSTITUTE(N$4," Corp","@ANDE Corp"),"PX_LAST",$C19,$C19,"days=all","dts=h","fill=0","QtTyp=P")} -> 886.87761 | O19: {=_xll.BDH(SUBSTITUTE(O$4," Corp","@ANDE Corp"),"PX_LAST",$C19,$C19,"days=all","dts=h","fill=0","QtTyp=P")} -> 948.32712 | P19: {=_xll.BDH(SUBSTITUTE(P$4," Corp","@ANDE Corp"),"PX_LAST",$C19,$C19,"days=all","dts=h","fill=0","QtTyp=P")} -> 841.61914 | Q19: {=_xll.BDH(SUBSTITUTE(Q$4," Corp","@ANDE Corp"),"PX_LAST",$C19,$C19,"days=all","dts=h","fill=0","QtTyp=P")} -> 819.82437 | R19: {=_xll.BDH(SUBSTITUTE(R$4," Corp","@ANDE Corp"),"PX_LAST",$C19,$C19,"days=all","dts=h","fill=0","QtTyp=P")} -> 676.17548 | S19: 0 | T19: 0 | U19: 0 | V19: 0 | W19: 0 | X19: 0 | Y19: 0 | Z19: 0 | AA19: 0 | AB19: 0 | AC19: 0 | AD19: 0 | AE19: 0 | AF19: 0 | AG19: 0 | AH19: 0 | AI19: 0 | AJ19: {=_xll.BDH(SUBSTITUTE(AJ$4," Corp","@ANDE Corp"),"PX_LAST",$C19,$C19,"days=all","dts=h","fill=0","QtTyp=P")} -> 1018.3312 | AK19: {=_xll.BDH(SUBSTITUTE(AK$4," Corp","@ANDE Corp"),"PX_LAST",$C19,$C19,"days=all","dts=h","fill=0","QtTyp=P")} -> 984.21784 | AL19: 0 | AM19: {=_xll.BDH(SUBSTITUTE(AM$4," Corp","@ANDE Corp"),"PX_LAST",$C19,$C19,"days=all","dts=h","fill=0","QtTyp=P")} -> 1020.7105 | AN19: {=_xll.BDH(SUBSTITUTE(AN$4," Corp","@ANDE Corp"),"PX_LAST",$C19,$C19,"days=all","dts=h","fill=0","QtTyp=P")} -> 948.70962 | AO19: {=_xll.BDH(SUBSTITUTE(AO$4," Corp","@ANDE Corp"),"PX_LAST",$C19,$C19,"days=all","dts=h","fill=0","QtTyp=P")} -> 1007.6325 | AP19: {=_xll.BDH(SUBSTITUTE(AP$4," Corp","@ANDE Corp"),"PX_LAST",$C19,$C19,"days=all","dts=h","fill=0","QtTyp=P")} -> 974.29167 | AQ19: 0 | AR19: 0 | AS19: 0
C20: 40998 | D20: 0 | E20: 0 | F20: 0 | G20: {=_xll.BDH(SUBSTITUTE(G$4," Corp","@ANDE Corp"),"PX_LAST",$C20,$C20,"days=all","dts=h","fill=0","QtTyp=P")} -> 978.52265 | H20: 0 | I20: 0 | J20: {=_xll.BDH(SUBSTITUTE(J$4," Corp","@ANDE Corp"),"PX_LAST",$C20,$C20,"days=all","dts=h","fill=0","QtTyp=P")} -> 937.41053 | K20: {=_xll.BDH(SUBSTITUTE(K$4," Corp","@ANDE Corp"),"PX_LAST",$C20,$C20,"days=all","dts=h","fill=0","QtTyp=P")} -> 917.87532 | L20: {=_xll.BDH(SUBSTITUTE(L$4," Corp","@ANDE Corp"),"PX_LAST",$C20,$C20,"days=all","dts=h","fill=0","QtTyp=P")} -> 764.4222 | M20: {=_xll.BDH(SUBSTITUTE(M$4," Corp","@ANDE Corp"),"PX_LAST",$C20,$C20,"days=all","dts=h","fill=0","QtTyp=P")} -> 999.65178 | N20: {=_xll.BDH(SUBSTITUTE(N$4," Corp","@ANDE Corp"),"PX_LAST",$C20,$C20,"days=all","dts=h","fill=0","QtTyp=P")} -> 896.8251 | O20: {=_xll.BDH(SUBSTITUTE(O$4," Corp","@ANDE Corp"),"PX_LAST",$C20,$C20,"days=all","dts=h","fill=0","QtTyp=P")} -> 957.50322 | P20: {=_xll.BDH(SUBSTITUTE(P$4," Corp","@ANDE Corp"),"PX_LAST",$C20,$C20,"days=all","dts=h","fill=0","QtTyp=P")} -> 851.23982 | Q20: {=_xll.BDH(SUBSTITUTE(Q$4," Corp","@ANDE Corp"),"PX_LAST",$C20,$C20,"days=all","dts=h","fill=0","QtTyp=P")} -> 829.35136 | R20: {=_xll.BDH(SUBSTITUTE(R$4," Corp","@ANDE Corp"),"PX_LAST",$C20,$C20,"days=all","dts=h","fill=0","QtTyp=P")} -> 684.89934 | S20: 0 | T20: 0 | U20: 0 | V20: 0 | W20: 0 | X20: 0 | Y20: 0 | Z20: 0 | AA20: 0 | AB20: 0 | AC20: 0 | AD20: 0 | AE20: 0 | AF20: 0 | AG20: 0 | AH20: 0 | AI20: 0 | AJ20: {=_xll.BDH(SUBSTITUTE(AJ$4," Corp","@ANDE Corp"),"PX_LAST",$C20,$C20,"days=all","dts=h","fill=0","QtTyp=P")} -> 1029.7286 | AK20: {=_xll.BDH(SUBSTITUTE(AK$4," Corp","@ANDE Corp"),"PX_LAST",$C20,$C20,"days=all","dts=h","fill=0","QtTyp=P")} -> 998.65005 | AL20: 0 | AM20: {=_xll.BDH(SUBSTITUTE(AM$4," Corp","@ANDE Corp"),"PX_LAST",$C20,$C20,"days=all","dts=h","fill=0","QtTyp=P")} -> 1030.9268 | AN20: {=_xll.BDH(SUBSTITUTE(AN$4," Corp","@ANDE Corp"),"PX_LAST",$C20,$C20,"days=all","dts=h","fill=0","QtTyp=P")} -> 966.38409 | AO20: {=_xll.BDH(SUBSTITUTE(AO$4," Corp","@ANDE Corp"),"PX_LAST",$C20,$C20,"days=all","dts=h","fill=0","QtTyp=P")} -> 1020.0227 | AP20: {=_xll.BDH(SUBSTITUTE(AP$4," Corp","@ANDE Corp"),"PX_LAST",$C20,$C20,"days=all","dts=h","fill=0","QtTyp=P")} -> 989.2914 | AQ20: {=_xll.BDH(SUBSTITUTE(AQ$4," Corp","@ANDE Corp"),"PX_LAST",$C20,$C20,"days=all","dts=h","fill=0","QtTyp=P")} -> 949.20418 | AR20: 0 | AS20: 0
C21: 41029 | D21: 0 | E21: 0 | F21: 0 | G21: {=_xll.BDH(SUBSTITUTE(G$4," Corp","@ANDE Corp"),"PX_LAST",$C21,$C21,"days=all","dts=h","fill=0","QtTyp=P")} -> 985.83029 | H21: 0 | I21: 0 | J21: {=_xll.BDH(SUBSTITUTE(J$4," Corp","@ANDE Corp"),"PX_LAST",$C21,$C21,"days=all","dts=h","fill=0","QtTyp=P")} -> 947.51729 | K21: {=_xll.BDH(SUBSTITUTE(K$4," Corp","@ANDE Corp"),"PX_LAST",$C21,$C21,"days=all","dts=h","fill=0","QtTyp=P")} -> 929.36986 | L21: {=_xll.BDH(SUBSTITUTE(L$4," Corp","@ANDE Corp"),"PX_LAST",$C21,$C21,"days=all","dts=h","fill=0","QtTyp=P")} -> 783.73912 | M21: 0 | N21: {=_xll.BDH(SUBSTITUTE(N$4," Corp","@ANDE Corp"),"PX_LAST",$C21,$C21,"days=all","dts=h","fill=0","QtTyp=P")} -> 910.22694 | O21: {=_xll.BDH(SUBSTITUTE(O$4," Corp","@ANDE Corp"),"PX_LAST",$C21,$C21,"days=all","dts=h","fill=0","QtTyp=P")} -> 966.25273 | P21: {=_xll.BDH(SUBSTITUTE(P$4," Corp","@ANDE Corp"),"PX_LAST",$C21,$C21,"days=all","dts=h","fill=0","QtTyp=P")} -> 867.51611 | Q21: {=_xll.BDH(SUBSTITUTE(Q$4," Corp","@ANDE Corp"),"PX_LAST",$C21,$C21,"days=all","dts=h","fill=0","QtTyp=P")} -> 847.63148 | R21: {=_xll.BDH(SUBSTITUTE(R$4," Corp","@ANDE Corp"),"PX_LAST",$C21,$C21,"days=all","dts=h","fill=0","QtTyp=P")} -> 705.15218 | S21: {=_xll.BDH(SUBSTITUTE(S$4," Corp","@ANDE Corp"),"PX_LAST",$C21,$C21,"days=all","dts=h","fill=0","QtTyp=P")} -> 826.59826 | T21: 0 | U21: 0 | V21: 0 | W21: 0 | X21: 0 | Y21: 0 | Z21: 0 | AA21: 0 | AB21: 0 | AC21: 0 | AD21: 0 | AE21: 0 | AF21: 0 | AG21: 0 | AH21: 0 | AI21: 0 | AJ21: {=_xll.BDH(SUBSTITUTE(AJ$4," Corp","@ANDE Corp"),"PX_LAST",$C21,$C21,"days=all","dts=h","fill=0","QtTyp=P")} -> 1048.4584 | AK21: {=_xll.BDH(SUBSTITUTE(AK$4," Corp","@ANDE Corp"),"PX_LAST",$C21,$C21,"days=all","dts=h","fill=0","QtTyp=P")} -> 1027.7157 | AL21: 0 | AM21: {=_xll.BDH(SUBSTITUTE(AM$4," Corp","@ANDE Corp"),"PX_LAST",$C21,$C21,"days=all","dts=h","fill=0","QtTyp=P")} -> 1041.8213 | AN21: {=_xll.BDH(SUBSTITUTE(AN$4," Corp","@ANDE Corp"),"PX_LAST",$C21,$C21,"days=all","dts=h","fill=0","QtTyp=P")} -> 995.55084 | AO21: {=_xll.BDH(SUBSTITUTE(AO$4," Corp","@ANDE Corp"),"PX_LAST",$C21,$C21,"days=all","dts=h","fill=0","QtTyp=P")} -> 1043.9167 | AP21: {=_xll.BDH(SUBSTITUTE(AP$4," Corp","@ANDE Corp"),"PX_LAST",$C21,$C21,"days=all","dts=h","fill=0","QtTyp=P")} -> 1019.5085 | AQ21: {=_xll.BDH(SUBSTITUTE(AQ$4," Corp","@ANDE Corp"),"PX_LAST",$C21,$C21,"days=all","dts=h","fill=0","QtTyp=P")} -> 982.0325 | AR21: 0 | AS21: 0
C22: 41060 | D22: 0 | E22: 0 | F22: 0 | G22: {=_xll.BDH(SUBSTITUTE(G$4," Corp","@ANDE Corp"),"PX_LAST",$C22,$C22,"days=all","dts=h","fill=0","QtTyp=P")} -> 993.21763 | H22: 0 | I22: 0 | J22: {=_xll.BDH(SUBSTITUTE(J$4," Corp","@ANDE Corp"),"PX_LAST",$C22,$C22,"days=all","dts=h","fill=0","QtTyp=P")} -> 955.97651 | K22: {=_xll.BDH(SUBSTITUTE(K$4," Corp","@ANDE Corp"),"PX_LAST",$C22,$C22,"days=all","dts=h","fill=0","QtTyp=P")} -> 938.63743 | L22: {=_xll.BDH(SUBSTITUTE(L$4," Corp","@ANDE Corp"),"PX_LAST",$C22,$C22,"days=all","dts=h","fill=0","QtTyp=P")} -> 799.45844 | M22: 0 | N22: {=_xll.BDH(SUBSTITUTE(N$4," Corp","@ANDE Corp"),"PX_LAST",$C22,$C22,"days=all","dts=h","fill=0","QtTyp=P")} -> 920.34404 | O22: {=_xll.BDH(SUBSTITUTE(O$4," Corp","@ANDE Corp"),"PX_LAST",$C22,$C22,"days=all","dts=h","fill=0","QtTyp=P")} -> 974.08968 | P22: {=_xll.BDH(SUBSTITUTE(P$4," Corp","@ANDE Corp"),"PX_LAST",$C22,$C22,"days=all","dts=h","fill=0","QtTyp=P")} -> 880.00491 | Q22: {=_xll.BDH(SUBSTITUTE(Q$4," Corp","@ANDE Corp"),"PX_LAST",$C22,$C22,"days=all","dts=h","fill=0","QtTyp=P")} -> 861.42953 | R22: {=_xll.BDH(SUBSTITUTE(R$4," Corp","@ANDE Corp"),"PX_LAST",$C22,$C22,"days=all","dts=h","fill=0","QtTyp=P")} -> 721.22345 | S22: {=_xll.BDH(SUBSTITUTE(S$4," Corp","@ANDE Corp"),"PX_LAST",$C22,$C22,"days=all","dts=h","fill=0","QtTyp=P")} -> 842.1819 | T22: 0 | U22: 0 | V22: 0 | W22: 0 | X22: 0 | Y22: 0 | Z22: 0 | AA22: 0 | AB22: 0 | AC22: 0 | AD22: 0 | AE22: 0 | AF22: 0 | AG22: 0 | AH22: 0 | AI22: 0 | AJ22: {=_xll.BDH(SUBSTITUTE(AJ$4," Corp","@ANDE Corp"),"PX_LAST",$C22,$C22,"days=all","dts=h","fill=0","QtTyp=P")} -> 1062.8678 | AK22: {=_xll.BDH(SUBSTITUTE(AK$4," Corp","@ANDE Corp"),"PX_LAST",$C22,$C22,"days=all","dts=h","fill=0","QtTyp=P")} -> 1052.227 | AL22: 0 | AM22: {=_xll.BDH(SUBSTITUTE(AM$4," Corp","@ANDE Corp"),"PX_LAST",$C22,$C22,"days=all","dts=h","fill=0","QtTyp=P")} -> 1051.0906 | AN22: {=_xll.BDH(SUBSTITUTE(AN$4," Corp","@ANDE Corp"),"PX_LAST",$C22,$C22,"days=all","dts=h","fill=0","QtTyp=P")} -> 1028.6747 | AO22: {=_xll.BDH(SUBSTITUTE(AO$4," Corp","@ANDE Corp"),"PX_LAST",$C22,$C22,"days=all","dts=h","fill=0","QtTyp=P")} -> 1064.2515 | AP22: {=_xll.BDH(SUBSTITUTE(AP$4," Corp","@ANDE Corp"),"PX_LAST",$C22,$C22,"days=all","dts=h","fill=0","QtTyp=P")} -> 1048.8336 | AQ22: {=_xll.BDH(SUBSTITUTE(AQ$4," Corp","@ANDE Corp"),"PX_LAST",$C22,$C22,"days=all","dts=h","fill=0","QtTyp=P")} -> 1010.2494 | AR22: 0 | AS22: 0
C23: 41089 | D23: 0 | E23: 0 | F23: 0 | G23: {=_xll.BDH(SUBSTITUTE(G$4," Corp","@ANDE Corp"),"PX_LAST",$C23,$C23,"days=all","dts=h","fill=0","QtTyp=P")} -> 999.67778 | H23: 0 | I23: 0 | J23: {=_xll.BDH(SUBSTITUTE(J$4," Corp","@ANDE Corp"),"PX_LAST",$C23,$C23,"days=all","dts=h","fill=0","QtTyp=P")} -> 963.53742 | K23: {=_xll.BDH(SUBSTITUTE(K$4," Corp","@ANDE Corp"),"PX_LAST",$C23,$C23,"days=all","dts=h","fill=0","QtTyp=P")} -> 947.13164 | L23: {=_xll.BDH(SUBSTITUTE(L$4," Corp","@ANDE Corp"),"PX_LAST",$C23,$C23,"days=all","dts=h","fill=0","QtTyp=P")} -> 813.12369 | M23: 0 | N23: {=_xll.BDH(SUBSTITUTE(N$4," Corp","@ANDE Corp"),"PX_LAST",$C23,$C23,"days=all","dts=h","fill=0","QtTyp=P")} -> 929.83132 | O23: {=_xll.BDH(SUBSTITUTE(O$4," Corp","@ANDE Corp"),"PX_LAST",$C23,$C23,"days=all","dts=h","fill=0","QtTyp=P")} -> 980.71307 | P23: {=_xll.BDH(SUBSTITUTE(P$4," Corp","@ANDE Corp"),"PX_LAST",$C23,$C23,"days=all","dts=h","fill=0","QtTyp=P")} -> 890.80046 | Q23: {=_xll.BDH(SUBSTITUTE(Q$4," Corp","@ANDE Corp"),"PX_LAST",$C23,$C23,"days=all","dts=h","fill=0","QtTyp=P")} -> 872.21523 | R23: {=_xll.BDH(SUBSTITUTE(R$4," Corp","@ANDE Corp"),"PX_LAST",$C23,$C23,"days=all","dts=h","fill=0","QtTyp=P")} -> 736.33994 | S23: {=_xll.BDH(SUBSTITUTE(S$4," Corp","@ANDE Corp"),"PX_LAST",$C23,$C23,"days=all","dts=h","fill=0","QtTyp=P")} -> 853.60471 | T23: 0 | U23: 0 | V23: 0 | W23: 0 | X23: 0 | Y23: 0 | Z23: 0 | AA23: 0 | AB23: 0 | AC23: 0 | AD23: 0 | AE23: 0 | AF23: 0 | AG23: 0 | AH23: 0 | AI23: 0 | AJ23: {=_xll.BDH(SUBSTITUTE(AJ$4," Corp","@ANDE Corp"),"PX_LAST",$C23,$C23,"days=all","dts=h","fill=0","QtTyp=P")} -> 1075.3639 | AK23: {=_xll.BDH(SUBSTITUTE(AK$4," Corp","@ANDE Corp"),"PX_LAST",$C23,$C23,"days=all","dts=h","fill=0","QtTyp=P")} -> 1075.0383 | AL23: 0 | AM23: {=_xll.BDH(SUBSTITUTE(AM$4," Corp","@ANDE Corp"),"PX_LAST",$C23,$C23,"days=all","dts=h","fill=0","QtTyp=P")} -> 1059.2854 | AN23: {=_xll.BDH(SUBSTITUTE(AN$4," Corp","@ANDE Corp"),"PX_LAST",$C23,$C23,"days=all","dts=h","fill=0","QtTyp=P")} -> 1054.4135 | AO23: {=_xll.BDH(SUBSTITUTE(AO$4," Corp","@ANDE Corp"),"PX_LAST",$C23,$C23,"days=all","dts=h","fill=0","QtTyp=P")} -> 1080.8415 | AP23: {=_xll.BDH(SUBSTITUTE(AP$4," Corp","@ANDE Corp"),"PX_LAST",$C23,$C23,"days=all","dts=h","fill=0","QtTyp=P")} -> 1069.0321 | AQ23: {=_xll.BDH(SUBSTITUTE(AQ$4," Corp","@ANDE Corp"),"PX_LAST",$C23,$C23,"days=all","dts=h","fill=0","QtTyp=P")} -> 1041.6604 | AR23: 0 | AS23: 0
C24: 41121 | D24: 0 | E24: 0 | F24: 0 | G24: 0 | H24: 0 | I24: 0 | J24: {=_xll.BDH(SUBSTITUTE(J$4," Corp","@ANDE Corp"),"PX_LAST",$C24,$C24,"days=all","dts=h","fill=0","QtTyp=P")} -> 970.63837 | K24: {=_xll.BDH(SUBSTITUTE(K$4," Corp","@ANDE Corp"),"PX_LAST",$C24,$C24,"days=all","dts=h","fill=0","QtTyp=P")} -> 954.58304 | L24: {=_xll.BDH(SUBSTITUTE(L$4," Corp","@ANDE Corp"),"PX_LAST",$C24,$C24,"days=all","dts=h","fill=0","QtTyp=P")} -> 821.66896 | M24: 0 | N24: {=_xll.BDH(SUBSTITUTE(N$4," Corp","@ANDE Corp"),"PX_LAST",$C24,$C24,"days=all","dts=h","fill=0","QtTyp=P")} -> 937.15717 | O24: {=_xll.BDH(SUBSTITUTE(O$4," Corp","@ANDE Corp"),"PX_LAST",$C24,$C24,"days=all","dts=h","fill=0","QtTyp=P")} -> 987.51372 | P24: {=_xll.BDH(SUBSTITUTE(P$4," Corp","@ANDE Corp"),"PX_LAST",$C24,$C24,"days=all","dts=h","fill=0","QtTyp=P")} -> 897.42989 | Q24: {=_xll.BDH(SUBSTITUTE(Q$4," Corp","@ANDE Corp"),"PX_LAST",$C24,$C24,"days=all","dts=h","fill=0","QtTyp=P")} -> 878.66948 | R24: {=_xll.BDH(SUBSTITUTE(R$4," Corp","@ANDE Corp"),"PX_LAST",$C24,$C24,"days=all","dts=h","fill=0","QtTyp=P")} -> 748.14921 | S24: {=_xll.BDH(SUBSTITUTE(S$4," Corp","@ANDE Corp"),"PX_LAST",$C24,$C24,"days=all","dts=h","fill=0","QtTyp=P")} -> 859.92482 | T24: {=_xll.BDH(SUBSTITUTE(T$4," Corp","@ANDE Corp"),"PX_LAST",$C24,$C24,"days=all","dts=h","fill=0","QtTyp=P")} -> 917.80031 | U24: 0 | V24: 0 | W24: 0 | X24: 0 | Y24: 0 | Z24: 0 | AA24: 0 | AB24: 0 | AC24: 0 | AD24: 0 | AE24: 0 | AF24: 0 | AG24: 0 | AH24: 0 | AI24: 0 | AJ24: {=_xll.BDH(SUBSTITUTE(AJ$4," Corp","@ANDE Corp"),"PX_LAST",$C24,$C24,"days=all","dts=h","fill=0","QtTyp=P")} -> 1034.2494 | AK24: {=_xll.BDH(SUBSTITUTE(AK$4," Corp","@ANDE Corp"),"PX_LAST",$C24,$C24,"days=all","dts=h","fill=0","QtTyp=P")} -> 1046.1198 | AL24: 0 | AM24: {=_xll.BDH(SUBSTITUTE(AM$4," Corp","@ANDE Corp"),"PX_LAST",$C24,$C24,"days=all","dts=h","fill=0","QtTyp=P")} -> 1017.9533 | AN24: {=_xll.BDH(SUBSTITUTE(AN$4," Corp","@ANDE Corp"),"PX_LAST",$C24,$C24,"days=all","dts=h","fill=0","QtTyp=P")} -> 1040.5249 | AO24: {=_xll.BDH(SUBSTITUTE(AO$4," Corp","@ANDE Corp"),"PX_LAST",$C24,$C24,"days=all","dts=h","fill=0","QtTyp=P")} -> 1042.5685 | AP24: {=_xll.BDH(SUBSTITUTE(AP$4," Corp","@ANDE Corp"),"PX_LAST",$C24,$C24,"days=all","dts=h","fill=0","QtTyp=P")} -> 1045.9845 | AQ24: {=_xll.BDH(SUBSTITUTE(AQ$4," Corp","@ANDE Corp"),"PX_LAST",$C24,$C24,"days=all","dts=h","fill=0","QtTyp=P")} -> 1035.5115 | AR24: 0 | AS24: 0
C25: 41152 | D25: 0 | E25: 0 | F25: 0 | G25: 0 | H25: 0 | I25: 0 | J25: {=_xll.BDH(SUBSTITUTE(J$4," Corp","@ANDE Corp"),"PX_LAST",$C25,$C25,"days=all","dts=h","fill=0","QtTyp=P")} -> 977.24674 | K25: {=_xll.BDH(SUBSTITUTE(K$4," Corp","@ANDE Corp"),"PX_LAST",$C25,$C25,"days=all","dts=h","fill=0","QtTyp=P")} -> 960.92719 | L25: {=_xll.BDH(SUBSTITUTE(L$4," Corp","@ANDE Corp"),"PX_LAST",$C25,$C25,"days=all","dts=h","fill=0","QtTyp=P")} -> 826.41284 | M25: 0 | N25: {=_xll.BDH(SUBSTITUTE(N$4," Corp","@ANDE Corp"),"PX_LAST",$C25,$C25,"days=all","dts=h","fill=0","QtTyp=P")} -> 943.4375 | O25: {=_xll.BDH(SUBSTITUTE(O$4," Corp","@ANDE Corp"),"PX_LAST",$C25,$C25,"days=all","dts=h","fill=0","QtTyp=P")} -> 994.35338 | P25: {=_xll.BDH(SUBSTITUTE(P$4," Corp","@ANDE Corp"),"PX_LAST",$C25,$C25,"days=all","dts=h","fill=0","QtTyp=P")} -> 904.06537 | Q25: {=_xll.BDH(SUBSTITUTE(Q$4," Corp","@ANDE Corp"),"PX_LAST",$C25,$C25,"days=all","dts=h","fill=0","QtTyp=P")} -> 884.81074 | R25: {=_xll.BDH(SUBSTITUTE(R$4," Corp","@ANDE Corp"),"PX_LAST",$C25,$C25,"days=all","dts=h","fill=0","QtTyp=P")} -> 754.07191 | S25: {=_xll.BDH(SUBSTITUTE(S$4," Corp","@ANDE Corp"),"PX_LAST",$C25,$C25,"days=all","dts=h","fill=0","QtTyp=P")} -> 865.91893 | T25: {=_xll.BDH(SUBSTITUTE(T$4," Corp","@ANDE Corp"),"PX_LAST",$C25,$C25,"days=all","dts=h","fill=0","QtTyp=P")} -> 924.10441 | U25: 0 | V25: 0 | W25: 0 | X25: 0 | Y25: 0 | Z25: 0 | AA25: 0 | AB25: 0 | AC25: 0 | AD25: 0 | AE25: 0 | AF25: 0 | AG25: 0 | AH25: 0 | AI25: 0 | AJ25: {=_xll.BDH(SUBSTITUTE(AJ$4," Corp","@ANDE Corp"),"PX_LAST",$C25,$C25,"days=all","dts=h","fill=0","QtTyp=P")} -> 1041.6664 | AK25: {=_xll.BDH(SUBSTITUTE(AK$4," Corp","@ANDE Corp"),"PX_LAST",$C25,$C25,"days=all","dts=h","fill=0","QtTyp=P")} -> 1052.8485 | AL25: 0 | AM25: {=_xll.BDH(SUBSTITUTE(AM$4," Corp","@ANDE Corp"),"PX_LAST",$C25,$C25,"days=all","dts=h","fill=0","QtTyp=P")} -> 1024.9537 | AN25: {=_xll.BDH(SUBSTITUTE(AN$4," Corp","@ANDE Corp"),"PX_LAST",$C25,$C25,"days=all","dts=h","fill=0","QtTyp=P")} -> 1048.6951 | AO25: {=_xll.BDH(SUBSTITUTE(AO$4," Corp","@ANDE Corp"),"PX_LAST",$C25,$C25,"days=all","dts=h","fill=0","QtTyp=P")} -> 1048.5301 | AP25: {=_xll.BDH(SUBSTITUTE(AP$4," Corp","@ANDE Corp"),"PX_LAST",$C25,$C25,"days=all","dts=h","fill=0","QtTyp=P")} -> 1054.4863 | AQ25: {=_xll.BDH(SUBSTITUTE(AQ$4," Corp","@ANDE Corp"),"PX_LAST",$C25,$C25,"days=all","dts=h","fill=0","QtTyp=P")} -> 1044.3874 | AR25: 0 | AS25: 0
C26: 41180 | D26: 0 | E26: 0 | F26: 0 | G26: 0 | H26: 0 | I26: 0 | J26: {=_xll.BDH(SUBSTITUTE(J$4," Corp","@ANDE Corp"),"PX_LAST",$C26,$C26,"days=all","dts=h","fill=0","QtTyp=P")} -> 982.52336 | K26: {=_xll.BDH(SUBSTITUTE(K$4," Corp","@ANDE Corp"),"PX_LAST",$C26,$C26,"days=all","dts=h","fill=0","QtTyp=P")} -> 966.10674 | L26: {=_xll.BDH(SUBSTITUTE(L$4," Corp","@ANDE Corp"),"PX_LAST",$C26,$C26,"days=all","dts=h","fill=0","QtTyp=P")} -> 833.94907 | M26: 0 | N26: {=_xll.BDH(SUBSTITUTE(N$4," Corp","@ANDE Corp"),"PX_LAST",$C26,$C26,"days=all","dts=h","fill=0","QtTyp=P")} -> 948.79742 | O26: {=_xll.BDH(SUBSTITUTE(O$4," Corp","@ANDE Corp"),"PX_LAST",$C26,$C26,"days=all","dts=h","fill=0","QtTyp=P")} -> 999.71592 | P26: {=_xll.BDH(SUBSTITUTE(P$4," Corp","@ANDE Corp"),"PX_LAST",$C26,$C26,"days=all","dts=h","fill=0","QtTyp=P")} -> 910.5118 | Q26: {=_xll.BDH(SUBSTITUTE(Q$4," Corp","@ANDE Corp"),"PX_LAST",$C26,$C26,"days=all","dts=h","fill=0","QtTyp=P")} -> 891.87355 | R26: {=_xll.BDH(SUBSTITUTE(R$4," Corp","@ANDE Corp"),"PX_LAST",$C26,$C26,"days=all","dts=h","fill=0","QtTyp=P")} -> 759.5617 | S26: {=_xll.BDH(SUBSTITUTE(S$4," Corp","@ANDE Corp"),"PX_LAST",$C26,$C26,"days=all","dts=h","fill=0","QtTyp=P")} -> 873.44659 | T26: {=_xll.BDH(SUBSTITUTE(T$4," Corp","@ANDE Corp"),"PX_LAST",$C26,$C26,"days=all","dts=h","fill=0","QtTyp=P")} -> 929.8658 | U26: 0 | V26: 0 | W26: 0 | X26: 0 | Y26: 0 | Z26: 0 | AA26: 0 | AB26: 0 | AC26: 0 | AD26: 0 | AE26: 0 | AF26: 0 | AG26: 0 | AH26: 0 | AI26: 0 | AJ26: {=_xll.BDH(SUBSTITUTE(AJ$4," Corp","@ANDE Corp"),"PX_LAST",$C26,$C26,"days=all","dts=h","fill=0","QtTyp=P")} -> 1049.1872 | AK26: {=_xll.BDH(SUBSTITUTE(AK$4," Corp","@ANDE Corp"),"PX_LAST",$C26,$C26,"days=all","dts=h","fill=0","QtTyp=P")} -> 1058.1534 | AL26: 0 | AM26: {=_xll.BDH(SUBSTITUTE(AM$4," Corp","@ANDE Corp"),"PX_LAST",$C26,$C26,"days=all","dts=h","fill=0","QtTyp=P")} -> 1030.4742 | AN26: {=_xll.BDH(SUBSTITUTE(AN$4," Corp","@ANDE Corp"),"PX_LAST",$C26,$C26,"days=all","dts=h","fill=0","QtTyp=P")} -> 1045.3045 | AO26: {=_xll.BDH(SUBSTITUTE(AO$4," Corp","@ANDE Corp"),"PX_LAST",$C26,$C26,"days=all","dts=h","fill=0","QtTyp=P")} -> 1057.4379 | AP26: {=_xll.BDH(SUBSTITUTE(AP$4," Corp","@ANDE Corp"),"PX_LAST",$C26,$C26,"days=all","dts=h","fill=0","QtTyp=P")} -> 1057.6007 | AQ26: {=_xll.BDH(SUBSTITUTE(AQ$4," Corp","@ANDE Corp"),"PX_LAST",$C26,$C26,"days=all","dts=h","fill=0","QtTyp=P")} -> 1039.6268 | AR26: 0 | AS26: 0
C27: 41213 | D27: 0 | E27: 0 | F27: 0 | G27: 0 | H27: 0 | I27: 0 | J27: {=_xll.BDH(SUBSTITUTE(J$4," Corp","@ANDE Corp"),"PX_LAST",$C27,$C27,"days=all","dts=h","fill=0","QtTyp=P")} -> 988.83797 | K27: {=_xll.BDH(SUBSTITUTE(K$4," Corp","@ANDE Corp"),"PX_LAST",$C27,$C27,"days=all","dts=h","fill=0","QtTyp=P")} -> 972.71293 | L27: {=_xll.BDH(SUBSTITUTE(L$4," Corp","@ANDE Corp"),"PX_LAST",$C27,$C27,"days=all","dts=h","fill=0","QtTyp=P")} -> 848.39772 | M27: 0 | N27: {=_xll.BDH(SUBSTITUTE(N$4," Corp","@ANDE Corp"),"PX_LAST",$C27,$C27,"days=all","dts=h","fill=0","QtTyp=P")} -> 956.10782 | O27: 0 | P27: {=_xll.BDH(SUBSTITUTE(P$4," Corp","@ANDE Corp"),"PX_LAST",$C27,$C27,"days=all","dts=h","fill=0","QtTyp=P")} -> 920.33475 | Q27: {=_xll.BDH(SUBSTITUTE(Q$4," Corp","@ANDE Corp"),"PX_LAST",$C27,$C27,"days=all","dts=h","fill=0","QtTyp=P")} -> 902.90219 | R27: {=_xll.BDH(SUBSTITUTE(R$4," Corp","@ANDE Corp"),"PX_LAST",$C27,$C27,"days=all","dts=h","fill=0","QtTyp=P")} -> 777.84923 | S27: {=_xll.BDH(SUBSTITUTE(S$4," Corp","@ANDE Corp"),"PX_LAST",$C27,$C27,"days=all","dts=h","fill=0","QtTyp=P")} -> 885.56145 | T27: {=_xll.BDH(SUBSTITUTE(T$4," Corp","@ANDE Corp"),"PX_LAST",$C27,$C27,"days=all","dts=h","fill=0","QtTyp=P")} -> 938.28504 | U27: {=_xll.BDH(SUBSTITUTE(U$4," Corp","@ANDE Corp"),"PX_LAST",$C27,$C27,"days=all","dts=h","fill=0","QtTyp=P")} -> 830.90924 | V27: {=_xll.BDH(SUBSTITUTE(V$4," Corp","@ANDE Corp"),"PX_LAST",$C27,$C27,"days=all","dts=h","fill=0","QtTyp=P")} -> 743.55759 | W27: 0 | X27: 0 | Y27: 0 | Z27: 0 | AA27: 0 | AB27: 0 | AC27: 0 | AD27: 0 | AE27: 0 | AF27: 0 | AG27: 0 | AH27: 0 | AI27: 0 | AJ27: {=_xll.BDH(SUBSTITUTE(AJ$4," Corp","@ANDE Corp"),"PX_LAST",$C27,$C27,"days=all","dts=h","fill=0","QtTyp=P")} -> 1060.0796 | AK27: {=_xll.BDH(SUBSTITUTE(AK$4," Corp","@ANDE Corp"),"PX_LAST",$C27,$C27,"days=all","dts=h","fill=0","QtTyp=P")} -> 1086.1024 | AL27: 0 | AM27: {=_xll.BDH(SUBSTITUTE(AM$4," Corp","@ANDE Corp"),"PX_LAST",$C27,$C27,"days=all","dts=h","fill=0","QtTyp=P")} -> 1037.0987 | AN27: {=_xll.BDH(SUBSTITUTE(AN$4," Corp","@ANDE Corp"),"PX_LAST",$C27,$C27,"days=all","dts=h","fill=0","QtTyp=P")} -> 1088.9809 | AO27: {=_xll.BDH(SUBSTITUTE(AO$4," Corp","@ANDE Corp"),"PX_LAST",$C27,$C27,"days=all","dts=h","fill=0","QtTyp=P")} -> 1074.7848 | AP27: {=_xll.BDH(SUBSTITUTE(AP$4," Corp","@ANDE Corp"),"PX_LAST",$C27,$C27,"days=all","dts=h","fill=0","QtTyp=P")} -> 1089.7109 | AQ27: {=_xll.BDH(SUBSTITUTE(AQ$4," Corp","@ANDE Corp"),"PX_LAST",$C27,$C27,"days=all","dts=h","fill=0","QtTyp=P")} -> 1087.1329 | AR27: 0 | AS27: 0
C28: 41243 | D28: 0 | E28: 0 | F28: 0 | G28: 0 | H28: 0 | I28: 0 | J28: {=_xll.BDH(SUBSTITUTE(J$4," Corp","@ANDE Corp"),"PX_LAST",$C28,$C28,"days=all","dts=h","fill=0","QtTyp=P")} -> 994.2502 | K28: {=_xll.BDH(SUBSTITUTE(K$4," Corp","@ANDE Corp"),"PX_LAST",$C28,$C28,"days=all","dts=h","fill=0","QtTyp=P")} -> 978.1657 | L28: {=_xll.BDH(SUBSTITUTE(L$4," Corp","@ANDE Corp"),"PX_LAST",$C28,$C28,"days=all","dts=h","fill=0","QtTyp=P")} -> 853.45173 | M28: 0 | N28: {=_xll.BDH(SUBSTITUTE(N$4," Corp","@ANDE Corp"),"PX_LAST",$C28,$C28,"days=all","dts=h","fill=0","QtTyp=P")} -> 961.57003 | O28: 0 | P28: {=_xll.BDH(SUBSTITUTE(P$4," Corp","@ANDE Corp"),"PX_LAST",$C28,$C28,"days=all","dts=h","fill=0","QtTyp=P")} -> 926.94927 | Q28: {=_xll.BDH(SUBSTITUTE(Q$4," Corp","@ANDE Corp"),"PX_LAST",$C28,$C28,"days=all","dts=h","fill=0","QtTyp=P")} -> 910.1006 | R28: {=_xll.BDH(SUBSTITUTE(R$4," Corp","@ANDE Corp"),"PX_LAST",$C28,$C28,"days=all","dts=h","fill=0","QtTyp=P")} -> 779.15478 | S28: {=_xll.BDH(SUBSTITUTE(S$4," Corp","@ANDE Corp"),"PX_LAST",$C28,$C28,"days=all","dts=h","fill=0","QtTyp=P")} -> 892.73631 | T28: {=_xll.BDH(SUBSTITUTE(T$4," Corp","@ANDE Corp"),"PX_LAST",$C28,$C28,"days=all","dts=h","fill=0","QtTyp=P")} -> 944.30493 | U28: {=_xll.BDH(SUBSTITUTE(U$4," Corp","@ANDE Corp"),"PX_LAST",$C28,$C28,"days=all","dts=h","fill=0","QtTyp=P")} -> 835.10131 | V28: {=_xll.BDH(SUBSTITUTE(V$4," Corp","@ANDE Corp"),"PX_LAST",$C28,$C28,"days=all","dts=h","fill=0","QtTyp=P")} -> 743.90372 | W28: 0 | X28: 0 | Y28: 0 | Z28: 0 | AA28: 0 | AB28: 0 | AC28: 0 | AD28: 0 | AE28: 0 | AF28: 0 | AG28: 0 | AH28: 0 | AI28: 0 | AJ28: {=_xll.BDH(SUBSTITUTE(AJ$4," Corp","@ANDE Corp"),"PX_LAST",$C28,$C28,"days=all","dts=h","fill=0","QtTyp=P")} -> 1067.634 | AK28: {=_xll.BDH(SUBSTITUTE(AK$4," Corp","@ANDE Corp"),"PX_LAST",$C28,$C28,"days=all","dts=h","fill=0","QtTyp=P")} -> 1085.6708 | AL28: 0 | AM28: {=_xll.BDH(SUBSTITUTE(AM$4," Corp","@ANDE Corp"),"PX_LAST",$C28,$C28,"days=all","dts=h","fill=0","QtTyp=P")} -> 1042.7787 | AN28: {=_xll.BDH(SUBSTITUTE(AN$4," Corp","@ANDE Corp"),"PX_LAST",$C28,$C28,"days=all","dts=h","fill=0","QtTyp=P")} -> 1082.5505 | AO28: {=_xll.BDH(SUBSTITUTE(AO$4," Corp","@ANDE Corp"),"PX_LAST",$C28,$C28,"days=all","dts=h","fill=0","QtTyp=P")} -> 1081.2883 | AP28: {=_xll.BDH(SUBSTITUTE(AP$4," Corp","@ANDE Corp"),"PX_LAST",$C28,$C28,"days=all","dts=h","fill=0","QtTyp=P")} -> 1087.4465 | AQ28: {=_xll.BDH(SUBSTITUTE(AQ$4," Corp","@ANDE Corp"),"PX_LAST",$C28,$C28,"days=all","dts=h","fill=0","QtTyp=P")} -> 1076.2072 | AR28: 0 | AS28: 0
C29: 41271 | D29: 0 | E29: 0 | F29: 0 | G29: 0 | H29: 0 | I29: 0 | J29: {=_xll.BDH(SUBSTITUTE(J$4," Corp","@ANDE Corp"),"PX_LAST",$C29,$C29,"days=all","dts=h","fill=0","QtTyp=P")} -> 999.45224 | K29: {=_xll.BDH(SUBSTITUTE(K$4," Corp","@ANDE Corp"),"PX_LAST",$C29,$C29,"days=all","dts=h","fill=0","QtTyp=P")} -> 983.40908 | L29: {=_xll.BDH(SUBSTITUTE(L$4," Corp","@ANDE Corp"),"PX_LAST",$C29,$C29,"days=all","dts=h","fill=0","QtTyp=P")} -> 860.29707 | M29: 0 | N29: {=_xll.BDH(SUBSTITUTE(N$4," Corp","@ANDE Corp"),"PX_LAST",$C29,$C29,"days=all","dts=h","fill=0","QtTyp=P")} -> 966.61258 | O29: 0 | P29: {=_xll.BDH(SUBSTITUTE(P$4," Corp","@ANDE Corp"),"PX_LAST",$C29,$C29,"days=all","dts=h","fill=0","QtTyp=P")} -> 932.43107 | Q29: {=_xll.BDH(SUBSTITUTE(Q$4," Corp","@ANDE Corp"),"PX_LAST",$C29,$C29,"days=all","dts=h","fill=0","QtTyp=P")} -> 916.26133 | R29: {=_xll.BDH(SUBSTITUTE(R$4," Corp","@ANDE Corp"),"PX_LAST",$C29,$C29,"days=all","dts=h","fill=0","QtTyp=P")} -> 787.87756 | S29: {=_xll.BDH(SUBSTITUTE(S$4," Corp","@ANDE Corp"),"PX_LAST",$C29,$C29,"days=all","dts=h","fill=0","QtTyp=P")} -> 899.11338 | T29: {=_xll.BDH(SUBSTITUTE(T$4," Corp","@ANDE Corp"),"PX_LAST",$C29,$C29,"days=all","dts=h","fill=0","QtTyp=P")} -> 949.47103 | U29: {=_xll.BDH(SUBSTITUTE(U$4," Corp","@ANDE Corp"),"PX_LAST",$C29,$C29,"days=all","dts=h","fill=0","QtTyp=P")} -> 842.15223 | V29: {=_xll.BDH(SUBSTITUTE(V$4," Corp","@ANDE Corp"),"PX_LAST",$C29,$C29,"days=all","dts=h","fill=0","QtTyp=P")} -> 753.21336 | W29: 0 | X29: 0 | Y29: 0 | Z29: 0 | AA29: 0 | AB29: 0 | AC29: 0 | AD29: 0 | AE29: 0 | AF29: 0 | AG29: 0 | AH29: 0 | AI29: 0 | AJ29: {=_xll.BDH(SUBSTITUTE(AJ$4," Corp","@ANDE Corp"),"PX_LAST",$C29,$C29,"days=all","dts=h","fill=0","QtTyp=P")} -> 1073.9848 | AK29: {=_xll.BDH(SUBSTITUTE(AK$4," Corp","@ANDE Corp"),"PX_LAST",$C29,$C29,"days=all","dts=h","fill=0","QtTyp=P")} -> 1102.1441 | AL29: 0 | AM29: {=_xll.BDH(SUBSTITUTE(AM$4," Corp","@ANDE Corp"),"PX_LAST",$C29,$C29,"days=all","dts=h","fill=0","QtTyp=P")} -> 1048.2342 | AN29: {=_xll.BDH(SUBSTITUTE(AN$4," Corp","@ANDE Corp"),"PX_LAST",$C29,$C29,"days=all","dts=h","fill=0","QtTyp=P")} -> 1103.5207 | AO29: {=_xll.BDH(SUBSTITUTE(AO$4," Corp","@ANDE Corp"),"PX_LAST",$C29,$C29,"days=all","dts=h","fill=0","QtTyp=P")} -> 1090.7752 | AP29: {=_xll.BDH(SUBSTITUTE(AP$4," Corp","@ANDE Corp"),"PX_LAST",$C29,$C29,"days=all","dts=h","fill=0","QtTyp=P")} -> 1105.7866 | AQ29: {=_xll.BDH(SUBSTITUTE(AQ$4," Corp","@ANDE Corp"),"PX_LAST",$C29,$C29,"days=all","dts=h","fill=0","QtTyp=P")} -> 1101.2199 | AR29: 0 | AS29: 0
C30: 41305 | D30: 0 | E30: 0 | F30: 0 | G30: 0 | H30: 0 | I30: 0 | J30: 0 | K30: {=_xll.BDH(SUBSTITUTE(K$4," Corp","@ANDE Corp"),"PX_LAST",$C30,$C30,"days=all","dts=h","fill=0","QtTyp=P")} -> 989.52784 | L30: {=_xll.BDH(SUBSTITUTE(L$4," Corp","@ANDE Corp"),"PX_LAST",$C30,$C30,"days=all","dts=h","fill=0","QtTyp=P")} -> 862.03312 | M30: 0 | N30: {=_xll.BDH(SUBSTITUTE(N$4," Corp","@ANDE Corp"),"PX_LAST",$C30,$C30,"days=all","dts=h","fill=0","QtTyp=P")} -> 972.69459 | O30: 0 | P30: {=_xll.BDH(SUBSTITUTE(P$4," Corp","@ANDE Corp"),"PX_LAST",$C30,$C30,"days=all","dts=h","fill=0","QtTyp=P")} -> 937.56742 | Q30: {=_xll.BDH(SUBSTITUTE(Q$4," Corp","@ANDE Corp"),"PX_LAST",$C30,$C30,"days=all","dts=h","fill=0","QtTyp=P")} -> 920.25984 | R30: {=_xll.BDH(SUBSTITUTE(R$4," Corp","@ANDE Corp"),"PX_LAST",$C30,$C30,"days=all","dts=h","fill=0","QtTyp=P")} -> 786.23703 | S30: {=_xll.BDH(SUBSTITUTE(S$4," Corp","@ANDE Corp"),"PX_LAST",$C30,$C30,"days=all","dts=h","fill=0","QtTyp=P")} -> 902.17763 | T30: {=_xll.BDH(SUBSTITUTE(T$4," Corp","@ANDE Corp"),"PX_LAST",$C30,$C30,"days=all","dts=h","fill=0","QtTyp=P")} -> 955.06586 | U30: {=_xll.BDH(SUBSTITUTE(U$4," Corp","@ANDE Corp"),"PX_LAST",$C30,$C30,"days=all","dts=h","fill=0","QtTyp=P")} -> 843.36534 | V30: {=_xll.BDH(SUBSTITUTE(V$4," Corp","@ANDE Corp"),"PX_LAST",$C30,$C30,"days=all","dts=h","fill=0","QtTyp=P")} -> 751.06848 | W30: 0 | X30: 0 | Y30: 0 | Z30: 0 | AA30: 0 | AB30: 0 | AC30: 0 | AD30: 0 | AE30: 0 | AF30: 0 | AG30: 0 | AH30: 0 | AI30: 0 | AJ30: {=_xll.BDH(SUBSTITUTE(AJ$4," Corp","@ANDE Corp"),"PX_LAST",$C30,$C30,"days=all","dts=h","fill=0","QtTyp=P")} -> 1030.8618 | AK30: {=_xll.BDH(SUBSTITUTE(AK$4," Corp","@ANDE Corp"),"PX_LAST",$C30,$C30,"days=all","dts=h","fill=0","QtTyp=P")} -> 1048.3764 | AL30: 0 | AM30: 0 | AN30: {=_xll.BDH(SUBSTITUTE(AN$4," Corp","@ANDE Corp"),"PX_LAST",$C30,$C30,"days=all","dts=h","fill=0","QtTyp=P")} -> 1041.2588 | AO30: {=_xll.BDH(SUBSTITUTE(AO$4," Corp","@ANDE Corp"),"PX_LAST",$C30,$C30,"days=all","dts=h","fill=0","QtTyp=P")} -> 1044.9 | AP30: {=_xll.BDH(SUBSTITUTE(AP$4," Corp","@ANDE Corp"),"PX_LAST",$C30,$C30,"days=all","dts=h","fill=0","QtTyp=P")} -> 1049.2337 | AQ30: {=_xll.BDH(SUBSTITUTE(AQ$4," Corp","@ANDE Corp"),"PX_LAST",$C30,$C30,"days=all","dts=h","fill=0","QtTyp=P")} -> 1037.3762 | AR30: {=_xll.BDH(SUBSTITUTE(AR$4," Corp","@ANDE Corp"),"PX_LAST",$C30,$C30,"days=all","dts=h","fill=0","QtTyp=P")} -> 1048.7027 | AS30: 0
C31: 41333 | D31: 0 | E31: 0 | F31: 0 | G31: 0 | H31: 0 | I31: 0 | J31: 0 | K31: {=_xll.BDH(SUBSTITUTE(K$4," Corp","@ANDE Corp"),"PX_LAST",$C31,$C31,"days=all","dts=h","fill=0","QtTyp=P")} -> 994.22106 | L31: {=_xll.BDH(SUBSTITUTE(L$4," Corp","@ANDE Corp"),"PX_LAST",$C31,$C31,"days=all","dts=h","fill=0","QtTyp=P")} -> 860.6156 | M31: 0 | N31: {=_xll.BDH(SUBSTITUTE(N$4," Corp","@ANDE Corp"),"PX_LAST",$C31,$C31,"days=all","dts=h","fill=0","QtTyp=P")} -> 976.62521 | O31: 0 | P31: {=_xll.BDH(SUBSTITUTE(P$4," Corp","@ANDE Corp"),"PX_LAST",$C31,$C31,"days=all","dts=h","fill=0","QtTyp=P")} -> 938.41822 | Q31: {=_xll.BDH(SUBSTITUTE(Q$4," Corp","@ANDE Corp"),"PX_LAST",$C31,$C31,"days=all","dts=h","fill=0","QtTyp=P")} -> 920.57864 | R31: {=_xll.BDH(SUBSTITUTE(R$4," Corp","@ANDE Corp"),"PX_LAST",$C31,$C31,"days=all","dts=h","fill=0","QtTyp=P")} -> 783.51606 | S31: {=_xll.BDH(SUBSTITUTE(S$4," Corp","@ANDE Corp"),"PX_LAST",$C31,$C31,"days=all","dts=h","fill=0","QtTyp=P")} -> 901.50064 | T31: {=_xll.BDH(SUBSTITUTE(T$4," Corp","@ANDE Corp"),"PX_LAST",$C31,$C31,"days=all","dts=h","fill=0","QtTyp=P")} -> 957.29146 | U31: {=_xll.BDH(SUBSTITUTE(U$4," Corp","@ANDE Corp"),"PX_LAST",$C31,$C31,"days=all","dts=h","fill=0","QtTyp=P")} -> 841.56085 | V31: {=_xll.BDH(SUBSTITUTE(V$4," Corp","@ANDE Corp"),"PX_LAST",$C31,$C31,"days=all","dts=h","fill=0","QtTyp=P")} -> 747.64539 | W31: 0 | X31: 0 | Y31: 0 | Z31: 0 | AA31: 0 | AB31: 0 | AC31: 0 | AD31: 0 | AE31: 0 | AF31: 0 | AG31: 0 | AH31: 0 | AI31: 0 | AJ31: {=_xll.BDH(SUBSTITUTE(AJ$4," Corp","@ANDE Corp"),"PX_LAST",$C31,$C31,"days=all","dts=h","fill=0","QtTyp=P")} -> 1031.8188 | AK31: {=_xll.BDH(SUBSTITUTE(AK$4," Corp","@ANDE Corp"),"PX_LAST",$C31,$C31,"days=all","dts=h","fill=0","QtTyp=P")} -> 1046.7496 | AL31: 0 | AM31: 0 | AN31: {=_xll.BDH(SUBSTITUTE(AN$4," Corp","@ANDE Corp"),"PX_LAST",$C31,$C31,"days=all","dts=h","fill=0","QtTyp=P")} -> 1048.2317 | AO31: {=_xll.BDH(SUBSTITUTE(AO$4," Corp","@ANDE Corp"),"PX_LAST",$C31,$C31,"days=all","dts=h","fill=0","QtTyp=P")} -> 1043.9947 | AP31: {=_xll.BDH(SUBSTITUTE(AP$4," Corp","@ANDE Corp"),"PX_LAST",$C31,$C31,"days=all","dts=h","fill=0","QtTyp=P")} -> 1049.3301 | AQ31: {=_xll.BDH(SUBSTITUTE(AQ$4," Corp","@ANDE Corp"),"PX_LAST",$C31,$C31,"days=all","dts=h","fill=0","QtTyp=P")} -> 1049.2695 | AR31: {=_xll.BDH(SUBSTITUTE(AR$4," Corp","@ANDE Corp"),"PX_LAST",$C31,$C31,"days=all","dts=h","fill=0","QtTyp=P")} -> 1050.5739 | AS31: 0
C32: 41361 | D32: 0 | E32: 0 | F32: 0 | G32: 0 | H32: 0 | I32: 0 | J32: 0 | K32: {=_xll.BDH(SUBSTITUTE(K$4," Corp","@ANDE Corp"),"PX_LAST",$C32,$C32,"days=all","dts=h","fill=0","QtTyp=P")} -> 999.72635 | L32: {=_xll.BDH(SUBSTITUTE(L$4," Corp","@ANDE Corp"),"PX_LAST",$C32,$C32,"days=all","dts=h","fill=0","QtTyp=P")} -> 864.43585 | M32: 0 | N32: {=_xll.BDH(SUBSTITUTE(N$4," Corp","@ANDE Corp"),"PX_LAST",$C32,$C32,"days=all","dts=h","fill=0","QtTyp=P")} -> 982.59255 | O32: 0 | P32: {=_xll.BDH(SUBSTITUTE(P$4," Corp","@ANDE Corp"),"PX_LAST",$C32,$C32,"days=all","dts=h","fill=0","QtTyp=P")} -> 943.62564 | Q32: {=_xll.BDH(SUBSTITUTE(Q$4," Corp","@ANDE Corp"),"PX_LAST",$C32,$C32,"days=all","dts=h","fill=0","QtTyp=P")} -> 925.08145 | R32: {=_xll.BDH(SUBSTITUTE(R$4," Corp","@ANDE Corp"),"PX_LAST",$C32,$C32,"days=all","dts=h","fill=0","QtTyp=P")} -> 785.36022 | S32: {=_xll.BDH(SUBSTITUTE(S$4," Corp","@ANDE Corp"),"PX_LAST",$C32,$C32,"days=all","dts=h","fill=0","QtTyp=P")} -> 905.89862 | T32: {=_xll.BDH(SUBSTITUTE(T$4," Corp","@ANDE Corp"),"PX_LAST",$C32,$C32,"days=all","dts=h","fill=0","QtTyp=P")} -> 963.32918 | U32: {=_xll.BDH(SUBSTITUTE(U$4," Corp","@ANDE Corp"),"PX_LAST",$C32,$C32,"days=all","dts=h","fill=0","QtTyp=P")} -> 844.51683 | V32: {=_xll.BDH(SUBSTITUTE(V$4," Corp","@ANDE Corp"),"PX_LAST",$C32,$C32,"days=all","dts=h","fill=0","QtTyp=P")} -> 747.41963 | W32: 0 | X32: 0 | Y32: 0 | Z32: 0 | AA32: 0 | AB32: 0 | AC32: 0 | AD32: 0 | AE32: 0 | AF32: 0 | AG32: 0 | AH32: 0 | AI32: 0 | AJ32: {=_xll.BDH(SUBSTITUTE(AJ$4," Corp","@ANDE Corp"),"PX_LAST",$C32,$C32,"days=all","dts=h","fill=0","QtTyp=P")} -> 1037.5182 | AK32: {=_xll.BDH(SUBSTITUTE(AK$4," Corp","@ANDE Corp"),"PX_LAST",$C32,$C32,"days=all","dts=h","fill=0","QtTyp=P")} -> 1043.1512 | AL32: 0 | AM32: 0 | AN32: {=_xll.BDH(SUBSTITUTE(AN$4," Corp","@ANDE Corp"),"PX_LAST",$C32,$C32,"days=all","dts=h","fill=0","QtTyp=P")} -> 1032.7235 | AO32: {=_xll.BDH(SUBSTITUTE(AO$4," Corp","@ANDE Corp"),"PX_LAST",$C32,$C32,"days=all","dts=h","fill=0","QtTyp=P")} -> 1047.8091 | AP32: {=_xll.BDH(SUBSTITUTE(AP$4," Corp","@ANDE Corp"),"PX_LAST",$C32,$C32,"days=all","dts=h","fill=0","QtTyp=P")} -> 1041.8607 | AQ32: {=_xll.BDH(SUBSTITUTE(AQ$4," Corp","@ANDE Corp"),"PX_LAST",$C32,$C32,"days=all","dts=h","fill=0","QtTyp=P")} -> 1025.2647 | AR32: {=_xll.BDH(SUBSTITUTE(AR$4," Corp","@ANDE Corp"),"PX_LAST",$C32,$C32,"days=all","dts=h","fill=0","QtTyp=P")} -> 1040.6203 | AS32: 0
C33: 41394 | D33: 0 | E33: 0 | F33: 0 | G33: 0 | H33: 0 | I33: 0 | J33: 0 | K33: 0 | L33: {=_xll.BDH(SUBSTITUTE(L$4," Corp","@ANDE Corp"),"PX_LAST",$C33,$C33,"days=all","dts=h","fill=0","QtTyp=P")} -> 873.21973 | M33: 0 | N33: {=_xll.BDH(SUBSTITUTE(N$4," Corp","@ANDE Corp"),"PX_LAST",$C33,$C33,"days=all","dts=h","fill=0","QtTyp=P")} -> 987.92703 | O33: 0 | P33: {=_xll.BDH(SUBSTITUTE(P$4," Corp","@ANDE Corp"),"PX_LAST",$C33,$C33,"days=all","dts=h","fill=0","QtTyp=P")} -> 948.89101 | Q33: {=_xll.BDH(SUBSTITUTE(Q$4," Corp","@ANDE Corp"),"PX_LAST",$C33,$C33,"days=all","dts=h","fill=0","QtTyp=P")} -> 930.78524 | R33: {=_xll.BDH(SUBSTITUTE(R$4," Corp","@ANDE Corp"),"PX_LAST",$C33,$C33,"days=all","dts=h","fill=0","QtTyp=P")} -> 798.67336 | S33: {=_xll.BDH(SUBSTITUTE(S$4," Corp","@ANDE Corp"),"PX_LAST",$C33,$C33,"days=all","dts=h","fill=0","QtTyp=P")} -> 912.40296 | T33: {=_xll.BDH(SUBSTITUTE(T$4," Corp","@ANDE Corp"),"PX_LAST",$C33,$C33,"days=all","dts=h","fill=0","QtTyp=P")} -> 968.17122 | U33: {=_xll.BDH(SUBSTITUTE(U$4," Corp","@ANDE Corp"),"PX_LAST",$C33,$C33,"days=all","dts=h","fill=0","QtTyp=P")} -> 854.56696 | V33: {=_xll.BDH(SUBSTITUTE(V$4," Corp","@ANDE Corp"),"PX_LAST",$C33,$C33,"days=all","dts=h","fill=0","QtTyp=P")} -> 763.85182 | W33: {=_xll.BDH(SUBSTITUTE(W$4," Corp","@ANDE Corp"),"PX_LAST",$C33,$C33,"days=all","dts=h","fill=0","QtTyp=P")} -> 835.87359 | X33: {=_xll.BDH(SUBSTITUTE(X$4," Corp","@ANDE Corp"),"PX_LAST",$C33,$C33,"days=all","dts=h","fill=0","QtTyp=P")} -> 728.95529 | Y33: 0 | Z33: 0 | AA33: 0 | AB33: 0 | AC33: 0 | AD33: 0 | AE33: 0 | AF33: 0 | AG33: 0 | AH33: 0 | AI33: 0 | AJ33: {=_xll.BDH(SUBSTITUTE(AJ$4," Corp","@ANDE Corp"),"PX_LAST",$C33,$C33,"days=all","dts=h","fill=0","QtTyp=P")} -> 1043.3585 | AK33: {=_xll.BDH(SUBSTITUTE(AK$4," Corp","@ANDE Corp"),"PX_LAST",$C33,$C33,"days=all","dts=h","fill=0","QtTyp=P")} -> 1065.2061 | AL33: 0 | AM33: 0 | AN33: {=_xll.BDH(SUBSTITUTE(AN$4," Corp","@ANDE Corp"),"PX_LAST",$C33,$C33,"days=all","dts=h","fill=0","QtTyp=P")} -> 1063.4112 | AO33: {=_xll.BDH(SUBSTITUTE(AO$4," Corp","@ANDE Corp"),"PX_LAST",$C33,$C33,"days=all","dts=h","fill=0","QtTyp=P")} -> 1057.6479 | AP33: {=_xll.BDH(SUBSTITUTE(AP$4," Corp","@ANDE Corp"),"PX_LAST",$C33,$C33,"days=all","dts=h","fill=0","QtTyp=P")} -> 1068.9645 | AQ33: {=_xll.BDH(SUBSTITUTE(AQ$4," Corp","@ANDE Corp"),"PX_LAST",$C33,$C33,"days=all","dts=h","fill=0","QtTyp=P")} -> 1056.7023 | AR33: {=_xll.BDH(SUBSTITUTE(AR$4," Corp","@ANDE Corp"),"PX_LAST",$C33,$C33,"days=all","dts=h","fill=0","QtTyp=P")} -> 1069.1798 | AS33: 0
C34: 41425 | D34: 0 | E34: 0 | F34: 0 | G34: 0 | H34: 0 | I34: 0 | J34: 0 | K34: 0 | L34: {=_xll.BDH(SUBSTITUTE(L$4," Corp","@ANDE Corp"),"PX_LAST",$C34,$C34,"days=all","dts=h","fill=0","QtTyp=P")} -> 870.05497 | M34: 0 | N34: {=_xll.BDH(SUBSTITUTE(N$4," Corp","@ANDE Corp"),"PX_LAST",$C34,$C34,"days=all","dts=h","fill=0","QtTyp=P")} -> 993.69816 | O34: 0 | P34: {=_xll.BDH(SUBSTITUTE(P$4," Corp","@ANDE Corp"),"PX_LAST",$C34,$C34,"days=all","dts=h","fill=0","QtTyp=P")} -> 952.09882 | Q34: {=_xll.BDH(SUBSTITUTE(Q$4," Corp","@ANDE Corp"),"PX_LAST",$C34,$C34,"days=all","dts=h","fill=0","QtTyp=P")} -> 932.13575 | R34: {=_xll.BDH(SUBSTITUTE(R$4," Corp","@ANDE Corp"),"PX_LAST",$C34,$C34,"days=all","dts=h","fill=0","QtTyp=P")} -> 788.75726 | S34: {=_xll.BDH(SUBSTITUTE(S$4," Corp","@ANDE Corp"),"PX_LAST",$C34,$C34,"days=all","dts=h","fill=0","QtTyp=P")} -> 912.48682 | T34: {=_xll.BDH(SUBSTITUTE(T$4," Corp","@ANDE Corp"),"PX_LAST",$C34,$C34,"days=all","dts=h","fill=0","QtTyp=P")} -> 973.03372 | U34: {=_xll.BDH(SUBSTITUTE(U$4," Corp","@ANDE Corp"),"PX_LAST",$C34,$C34,"days=all","dts=h","fill=0","QtTyp=P")} -> 850.20223 | V34: {=_xll.BDH(SUBSTITUTE(V$4," Corp","@ANDE Corp"),"PX_LAST",$C34,$C34,"days=all","dts=h","fill=0","QtTyp=P")} -> 751.06394 | W34: {=_xll.BDH(SUBSTITUTE(W$4," Corp","@ANDE Corp"),"PX_LAST",$C34,$C34,"days=all","dts=h","fill=0","QtTyp=P")} -> 829.93792 | X34: {=_xll.BDH(SUBSTITUTE(X$4," Corp","@ANDE Corp"),"PX_LAST",$C34,$C34,"days=all","dts=h","fill=0","QtTyp=P")} -> 712.37165 | Y34: 0 | Z34: 0 | AA34: 0 | AB34: 0 | AC34: 0 | AD34: 0 | AE34: 0 | AF34: 0 | AG34: 0 | AH34: 0 | AI34: 0 | AJ34: {=_xll.BDH(SUBSTITUTE(AJ$4," Corp","@ANDE Corp"),"PX_LAST",$C34,$C34,"days=all","dts=h","fill=0","QtTyp=P")} -> 1047.0448 | AK34: {=_xll.BDH(SUBSTITUTE(AK$4," Corp","@ANDE Corp"),"PX_LAST",$C34,$C34,"days=all","dts=h","fill=0","QtTyp=P")} -> 1045.5292 | AL34: 0 | AM34: 0 | AN34: {=_xll.BDH(SUBSTITUTE(AN$4," Corp","@ANDE Corp"),"PX_LAST",$C34,$C34,"days=all","dts=h","fill=0","QtTyp=P")} -> 1023.2104 | AO34: {=_xll.BDH(SUBSTITUTE(AO$4," Corp","@ANDE Corp"),"PX_LAST",$C34,$C34,"days=all","dts=h","fill=0","QtTyp=P")} -> 1054.1181 | AP34: {=_xll.BDH(SUBSTITUTE(AP$4," Corp","@ANDE Corp"),"PX_LAST",$C34,$C34,"days=all","dts=h","fill=0","QtTyp=P")} -> 1042.7099 | AQ34: {=_xll.BDH(SUBSTITUTE(AQ$4," Corp","@ANDE Corp"),"PX_LAST",$C34,$C34,"days=all","dts=h","fill=0","QtTyp=P")} -> 1011.8826 | AR34: {=_xll.BDH(SUBSTITUTE(AR$4," Corp","@ANDE Corp"),"PX_LAST",$C34,$C34,"days=all","dts=h","fill=0","QtTyp=P")} -> 1037.3549 | AS34: 0
C35: 41453 | D35: 0 | E35: 0 | F35: 0 | G35: 0 | H35: 0 | I35: 0 | J35: 0 | K35: 0 | L35: {=_xll.BDH(SUBSTITUTE(L$4," Corp","@ANDE Corp"),"PX_LAST",$C35,$C35,"days=all","dts=h","fill=0","QtTyp=P")} -> 865.07226 | M35: 0 | N35: {=_xll.BDH(SUBSTITUTE(N$4," Corp","@ANDE Corp"),"PX_LAST",$C35,$C35,"days=all","dts=h","fill=0","QtTyp=P")} -> 999.69996 | O35: 0 | P35: {=_xll.BDH(SUBSTITUTE(P$4," Corp","@ANDE Corp"),"PX_LAST",$C35,$C35,"days=all","dts=h","fill=0","QtTyp=P")} -> 956.14341 | Q35: {=_xll.BDH(SUBSTITUTE(Q$4," Corp","@ANDE Corp"),"PX_LAST",$C35,$C35,"days=all","dts=h","fill=0","QtTyp=P")} -> 934.68646 | R35: {=_xll.BDH(SUBSTITUTE(R$4," Corp","@ANDE Corp"),"PX_LAST",$C35,$C35,"days=all","dts=h","fill=0","QtTyp=P")} -> 772.92247 | S35: {=_xll.BDH(SUBSTITUTE(S$4," Corp","@ANDE Corp"),"PX_LAST",$C35,$C35,"days=all","dts=h","fill=0","QtTyp=P")} -> 912.78765 | T35: {=_xll.BDH(SUBSTITUTE(T$4," Corp","@ANDE Corp"),"PX_LAST",$C35,$C35,"days=all","dts=h","fill=0","QtTyp=P")} -> 978.54386 | U35: {=_xll.BDH(SUBSTITUTE(U$4," Corp","@ANDE Corp"),"PX_LAST",$C35,$C35,"days=all","dts=h","fill=0","QtTyp=P")} -> 843.13054 | V35: {=_xll.BDH(SUBSTITUTE(V$4," Corp","@ANDE Corp"),"PX_LAST",$C35,$C35,"days=all","dts=h","fill=0","QtTyp=P")} -> 731.93394 | W35: {=_xll.BDH(SUBSTITUTE(W$4," Corp","@ANDE Corp"),"PX_LAST",$C35,$C35,"days=all","dts=h","fill=0","QtTyp=P")} -> 820.12119 | X35: {=_xll.BDH(SUBSTITUTE(X$4," Corp","@ANDE Corp"),"PX_LAST",$C35,$C35,"days=all","dts=h","fill=0","QtTyp=P")} -> 690.80643 | Y35: 0 | Z35: 0 | AA35: 0 | AB35: 0 | AC35: 0 | AD35: 0 | AE35: 0 | AF35: 0 | AG35: 0 | AH35: 0 | AI35: 0 | AJ35: {=_xll.BDH(SUBSTITUTE(AJ$4," Corp","@ANDE Corp"),"PX_LAST",$C35,$C35,"days=all","dts=h","fill=0","QtTyp=P")} -> 1051.5694 | AK35: {=_xll.BDH(SUBSTITUTE(AK$4," Corp","@ANDE Corp"),"PX_LAST",$C35,$C35,"days=all","dts=h","fill=0","QtTyp=P")} -> 1023.0116 | AL35: 0 | AM35: 0 | AN35: {=_xll.BDH(SUBSTITUTE(AN$4," Corp","@ANDE Corp"),"PX_LAST",$C35,$C35,"days=all","dts=h","fill=0","QtTyp=P")} -> 997.5618 | AO35: {=_xll.BDH(SUBSTITUTE(AO$4," Corp","@ANDE Corp"),"PX_LAST",$C35,$C35,"days=all","dts=h","fill=0","QtTyp=P")} -> 1049.4707 | AP35: {=_xll.BDH(SUBSTITUTE(AP$4," Corp","@ANDE Corp"),"PX_LAST",$C35,$C35,"days=all","dts=h","fill=0","QtTyp=P")} -> 1013.6114 | AQ35: {=_xll.BDH(SUBSTITUTE(AQ$4," Corp","@ANDE Corp"),"PX_LAST",$C35,$C35,"days=all","dts=h","fill=0","QtTyp=P")} -> 985.91461 | AR35: {=_xll.BDH(SUBSTITUTE(AR$4," Corp","@ANDE Corp"),"PX_LAST",$C35,$C35,"days=all","dts=h","fill=0","QtTyp=P")} -> 1006.041 | AS35: 0
C36: 41486 | D36: 0 | E36: 0 | F36: 0 | G36: 0 | H36: 0 | I36: 0 | J36: 0 | K36: 0 | L36: {=_xll.BDH(SUBSTITUTE(L$4," Corp","@ANDE Corp"),"PX_LAST",$C36,$C36,"days=all","dts=h","fill=0","QtTyp=P")} -> 875.79833 | M36: 0 | N36: 0 | O36: 0 | P36: {=_xll.BDH(SUBSTITUTE(P$4," Corp","@ANDE Corp"),"PX_LAST",$C36,$C36,"days=all","dts=h","fill=0","QtTyp=P")} -> 963.96938 | Q36: {=_xll.BDH(SUBSTITUTE(Q$4," Corp","@ANDE Corp"),"PX_LAST",$C36,$C36,"days=all","dts=h","fill=0","QtTyp=P")} -> 943.12344 | R36: {=_xll.BDH(SUBSTITUTE(R$4," Corp","@ANDE Corp"),"PX_LAST",$C36,$C36,"days=all","dts=h","fill=0","QtTyp=P")} -> 784.94098 | S36: {=_xll.BDH(SUBSTITUTE(S$4," Corp","@ANDE Corp"),"PX_LAST",$C36,$C36,"days=all","dts=h","fill=0","QtTyp=P")} -> 921.81649 | T36: {=_xll.BDH(SUBSTITUTE(T$4," Corp","@ANDE Corp"),"PX_LAST",$C36,$C36,"days=all","dts=h","fill=0","QtTyp=P")} -> 985.79403 | U36: {=_xll.BDH(SUBSTITUTE(U$4," Corp","@ANDE Corp"),"PX_LAST",$C36,$C36,"days=all","dts=h","fill=0","QtTyp=P")} -> 854.28466 | V36: {=_xll.BDH(SUBSTITUTE(V$4," Corp","@ANDE Corp"),"PX_LAST",$C36,$C36,"days=all","dts=h","fill=0","QtTyp=P")} -> 742.94352 | W36: {=_xll.BDH(SUBSTITUTE(W$4," Corp","@ANDE Corp"),"PX_LAST",$C36,$C36,"days=all","dts=h","fill=0","QtTyp=P")} -> 831.53189 | ... Y36: {=_xll.BDH(SUBSTITUTE(Y$4," Corp","@ANDE Corp"),"PX_LAST",$C36,$C36,"days=all","dts=h","fill=0","QtTyp=P")} -> 898.89158 | Z36: 0 | AA36: 0 | AB36: 0 | AC36: 0 | AD36: 0 | AE36: 0 | AF36: 0 | AG36: 0 | AH36: 0 | AI36: 0 | AJ36: {=_xll.BDH(SUBSTITUTE(AJ$4," Corp","@ANDE Corp"),"PX_LAST",$C36,$C36,"days=all","dts=h","fill=0","QtTyp=P")} -> 1011.0375 | AK36: {=_xll.BDH(SUBSTITUTE(AK$4," Corp","@ANDE Corp"),"PX_LAST",$C36,$C36,"days=all","dts=h","fill=0","QtTyp=P")} -> 990.80276 | AL36: 0 | AM36: 0 | AN36: {=_xll.BDH(SUBSTITUTE(AN$4," Corp","@ANDE Corp"),"PX_LAST",$C36,$C36,"days=all","dts=h","fill=0","QtTyp=P")} -> 967.91671 | AO36: {=_xll.BDH(SUBSTITUTE(AO$4," Corp","@ANDE Corp"),"PX_LAST",$C36,$C36,"days=all","dts=h","fill=0","QtTyp=P")} -> 1012.8492 | AP36: {=_xll.BDH(SUBSTITUTE(AP$4," Corp","@ANDE Corp"),"PX_LAST",$C36,$C36,"days=all","dts=h","fill=0","QtTyp=P")} -> 982.8291 | AQ36: {=_xll.BDH(SUBSTITUTE(AQ$4," Corp","@ANDE Corp"),"PX_LAST",$C36,$C36,"days=all","dts=h","fill=0","QtTyp=P")} -> 957.62149 | AR36: {=_xll.BDH(SUBSTITUTE(AR$4," Corp","@ANDE Corp"),"PX_LAST",$C36,$C36,"days=all","dts=h","fill=0","QtTyp=P")} -> 975.28281 | AS36: 0
C37: 41516 | D37: 0 | E37: 0 | F37: 0 | G37: 0 | H37: 0 | I37: 0 | J37: 0 | K37: 0 | L37: {=_xll.BDH(SUBSTITUTE(L$4," Corp","@ANDE Corp"),"PX_LAST",$C37,$C37,"days=all","dts=h","fill=0","QtTyp=P")} -> 872.58835 | M37: 0 | N37: 0 | O37: 0 | P37: {=_xll.BDH(SUBSTITUTE(P$4," Corp","@ANDE Corp"),"PX_LAST",$C37,$C37,"days=all","dts=h","fill=0","QtTyp=P")} -> 969.76025 | Q37: {=_xll.BDH(SUBSTITUTE(Q$4," Corp","@ANDE Corp"),"PX_LAST",$C37,$C37,"days=all","dts=h","fill=0","QtTyp=P")} -> 946.90074 | R37: {=_xll.BDH(SUBSTITUTE(R$4," Corp","@ANDE Corp"),"PX_LAST",$C37,$C37,"days=all","dts=h","fill=0","QtTyp=P")} -> 774.03872 | S37: {=_xll.BDH(SUBSTITUTE(S$4," Corp","@ANDE Corp"),"PX_LAST",$C37,$C37,"days=all","dts=h","fill=0","QtTyp=P")} -> 923.22052 | T37: {=_xll.BDH(SUBSTITUTE(T$4," Corp","@ANDE Corp"),"PX_LAST",$C37,$C37,"days=all","dts=h","fill=0","QtTyp=P")} -> 992.58622 | U37: {=_xll.BDH(SUBSTITUTE(U$4," Corp","@ANDE Corp"),"PX_LAST",$C37,$C37,"days=all","dts=h","fill=0","QtTyp=P")} -> 848.88685 | V37: {=_xll.BDH(SUBSTITUTE(V$4," Corp","@ANDE Corp"),"PX_LAST",$C37,$C37,"days=all","dts=h","fill=0","QtTyp=P")} -> 728.56622 | W37: {=_xll.BDH(SUBSTITUTE(W$4," Corp","@ANDE Corp"),"PX_LAST",$C37,$C37,"days=all","dts=h","fill=0","QtTyp=P")} -> 824.14183 | ... Y37: {=_xll.BDH(SUBSTITUTE(Y$4," Corp","@ANDE Corp"),"PX_LAST",$C37,$C37,"days=all","dts=h","fill=0","QtTyp=P")} -> 897.86538 | Z37: 0 | AA37: 0 | AB37: 0 | AC37: 0 | AD37: 0 | AE37: 0 | AF37: 0 | AG37: 0 | AH37: 0 | AI37: 0 | AJ37: {=_xll.BDH(SUBSTITUTE(AJ$4," Corp","@ANDE Corp"),"PX_LAST",$C37,$C37,"days=all","dts=h","fill=0","QtTyp=P")} -> 1017.0969 | AK37: {=_xll.BDH(SUBSTITUTE(AK$4," Corp","@ANDE Corp"),"PX_LAST",$C37,$C37,"days=all","dts=h","fill=0","QtTyp=P")} -> 969.23314 | AL37: 0 | AM37: 0 | AN37: {=_xll.BDH(SUBSTITUTE(AN$4," Corp","@ANDE Corp"),"PX_LAST",$C37,$C37,"days=all","dts=h","fill=0","QtTyp=P")} -> 925.15526 | AO37: {=_xll.BDH(SUBSTITUTE(AO$4," Corp","@ANDE Corp"),"PX_LAST",$C37,$C37,"days=all","dts=h","fill=0","QtTyp=P")} -> 1008.7243 | AP37: {=_xll.BDH(SUBSTITUTE(AP$4," Corp","@ANDE Corp"),"PX_LAST",$C37,$C37,"days=all","dts=h","fill=0","QtTyp=P")} -> 955.37794 | AQ37: {=_xll.BDH(SUBSTITUTE(AQ$4," Corp","@ANDE Corp"),"PX_LAST",$C37,$C37,"days=all","dts=h","fill=0","QtTyp=P")} -> 905.86705 | AR37: {=_xll.BDH(SUBSTITUTE(AR$4," Corp","@ANDE Corp"),"PX_LAST",$C37,$C37,"days=all","dts=h","fill=0","QtTyp=P")} -> 944.14117 | AS37: 0
C38: 41547 | D38: 0 | E38: 0 | F38: 0 | G38: 0 | H38: 0 | I38: 0 | J38: 0 | K38: 0 | L38: {=_xll.BDH(SUBSTITUTE(L$4," Corp","@ANDE Corp"),"PX_LAST",$C38,$C38,"days=all","dts=h","fill=0","QtTyp=P")} -> 883.15676 | M38: 0 | N38: 0 | O38: 0 | P38: {=_xll.BDH(SUBSTITUTE(P$4," Corp","@ANDE Corp"),"PX_LAST",$C38,$C38,"days=all","dts=h","fill=0","QtTyp=P")} -> 976.95184 | Q38: {=_xll.BDH(SUBSTITUTE(Q$4," Corp","@ANDE Corp"),"PX_LAST",$C38,$C38,"days=all","dts=h","fill=0","QtTyp=P")} -> 954.58749 | R38: {=_xll.BDH(SUBSTITUTE(R$4," Corp","@ANDE Corp"),"PX_LAST",$C38,$C38,"days=all","dts=h","fill=0","QtTyp=P")} -> 787.02718 | S38: {=_xll.BDH(SUBSTITUTE(S$4," Corp","@ANDE Corp"),"PX_LAST",$C38,$C38,"days=all","dts=h","fill=0","QtTyp=P")} -> 931.96594 | T38: {=_xll.BDH(SUBSTITUTE(T$4," Corp","@ANDE Corp"),"PX_LAST",$C38,$C38,"days=all","dts=h","fill=0","QtTyp=P")} -> 999.66201 | U38: {=_xll.BDH(SUBSTITUTE(U$4," Corp","@ANDE Corp"),"PX_LAST",$C38,$C38,"days=all","dts=h","fill=0","QtTyp=P")} -> 859.96028 | V38: {=_xll.BDH(SUBSTITUTE(V$4," Corp","@ANDE Corp"),"PX_LAST",$C38,$C38,"days=all","dts=h","fill=0","QtTyp=P")} -> 742.49607 | W38: {=_xll.BDH(SUBSTITUTE(W$4," Corp","@ANDE Corp"),"PX_LAST",$C38,$C38,"days=all","dts=h","fill=0","QtTyp=P")} -> 835.62314 | ... Y38: {=_xll.BDH(SUBSTITUTE(Y$4," Corp","@ANDE Corp"),"PX_LAST",$C38,$C38,"days=all","dts=h","fill=0","QtTyp=P")} -> 907.17316 | Z38: 0 | AA38: 0 | AB38: 0 | AC38: 0 | AD38: 0 | AE38: 0 | AF38: 0 | AG38: 0 | AH38: 0 | AI38: 0 | AJ38: {=_xll.BDH(SUBSTITUTE(AJ$4," Corp","@ANDE Corp"),"PX_LAST",$C38,$C38,"days=all","dts=h","fill=0","QtTyp=P")} -> 1024.6212 | AK38: {=_xll.BDH(SUBSTITUTE(AK$4," Corp","@ANDE Corp"),"PX_LAST",$C38,$C38,"days=all","dts=h","fill=0","QtTyp=P")} -> 991.36784 | AL38: 0 | AM38: 0 | AN38: {=_xll.BDH(SUBSTITUTE(AN$4," Corp","@ANDE Corp"),"PX_LAST",$C38,$C38,"days=all","dts=h","fill=0","QtTyp=P")} -> 952.5974 | AO38: {=_xll.BDH(SUBSTITUTE(AO$4," Corp","@ANDE Corp"),"PX_LAST",$C38,$C38,"days=all","dts=h","fill=0","QtTyp=P")} -> 1021.0102 | AP38: {=_xll.BDH(SUBSTITUTE(AP$4," Corp","@ANDE Corp"),"PX_LAST",$C38,$C38,"days=all","dts=h","fill=0","QtTyp=P")} -> 979.35523 | AQ38: {=_xll.BDH(SUBSTITUTE(AQ$4," Corp","@ANDE Corp"),"PX_LAST",$C38,$C38,"days=all","dts=h","fill=0","QtTyp=P")} -> 936.38182 | AR38: {=_xll.BDH(SUBSTITUTE(AR$4," Corp","@ANDE Corp"),"PX_LAST",$C38,$C38,"days=all","dts=h","fill=0","QtTyp=P")} -> 967.19321 | AS38: 0
C39: 41578 | D39: 0 | E39: 0 | F39: 0 | G39: 0 | H39: 0 | I39: 0 | J39: 0 | K39: 0 | L39: {=_xll.BDH(SUBSTITUTE(L$4," Corp","@ANDE Corp"),"PX_LAST",$C39,$C39,"days=all","dts=h","fill=0","QtTyp=P")} -> 888.22825 | M39: 0 | N39: 0 | O39: 0 | P39: {=_xll.BDH(SUBSTITUTE(P$4," Corp","@ANDE Corp"),"PX_LAST",$C39,$C39,"days=all","dts=h","fill=0","QtTyp=P")} -> 984.71011 | Q39: {=_xll.BDH(SUBSTITUTE(Q$4," Corp","@ANDE Corp"),"PX_LAST",$C39,$C39,"days=all","dts=h","fill=0","QtTyp=P")} -> 961.48428 | R39: {=_xll.BDH(SUBSTITUTE(R$4," Corp","@ANDE Corp"),"PX_LAST",$C39,$C39,"days=all","dts=h","fill=0","QtTyp=P")} -> 793.6206 | S39: {=_xll.BDH(SUBSTITUTE(S$4," Corp","@ANDE Corp"),"PX_LAST",$C39,$C39,"days=all","dts=h","fill=0","QtTyp=P")} -> 937.91232 | T39: 0 | U39: {=_xll.BDH(SUBSTITUTE(U$4," Corp","@ANDE Corp"),"PX_LAST",$C39,$C39,"days=all","dts=h","fill=0","QtTyp=P")} -> 864.41713 | V39: {=_xll.BDH(SUBSTITUTE(V$4," Corp","@ANDE Corp"),"PX_LAST",$C39,$C39,"days=all","dts=h","fill=0","QtTyp=P")} -> 749.54094 | W39: {=_xll.BDH(SUBSTITUTE(W$4," Corp","@ANDE Corp"),"PX_LAST",$C39,$C39,"days=all","dts=h","fill=0","QtTyp=P")} -> 840.39257 | X39: {=_xll.BDH(SUBSTITUTE(X$4," Corp","@ANDE Corp"),"PX_LAST",$C39,$C39,"days=all","dts=h","fill=0","QtTyp=P")} -> 707.74914 | Y39: {=_xll.BDH(SUBSTITUTE(Y$4," Corp","@ANDE Corp"),"PX_LAST",$C39,$C39,"days=all","dts=h","fill=0","QtTyp=P")} -> 912.48195 | Z39: {=_xll.BDH(SUBSTITUTE(Z$4," Corp","@ANDE Corp"),"PX_LAST",$C39,$C39,"days=all","dts=h","fill=0","QtTyp=P")} -> 668.18125 | AA39: 0 | AB39: 0 | AC39: 0 | AD39: 0 | AE39: 0 | AF39: 0 | AG39: 0 | AH39: 0 | AI39: 0 | AJ39: {=_xll.BDH(SUBSTITUTE(AJ$4," Corp","@ANDE Corp"),"PX_LAST",$C39,$C39,"days=all","dts=h","fill=0","QtTyp=P")} -> 1032.7708 | AK39: {=_xll.BDH(SUBSTITUTE(AK$4," Corp","@ANDE Corp"),"PX_LAST",$C39,$C39,"days=all","dts=h","fill=0","QtTyp=P")} -> 997.24348 | AL39: 0 | AM39: 0 | AN39: {=_xll.BDH(SUBSTITUTE(AN$4," Corp","@ANDE Corp"),"PX_LAST",$C39,$C39,"days=all","dts=h","fill=0","QtTyp=P")} -> 962.2465 | AO39: {=_xll.BDH(SUBSTITUTE(AO$4," Corp","@ANDE Corp"),"PX_LAST",$C39,$C39,"days=all","dts=h","fill=0","QtTyp=P")} -> 1026.6464 | AP39: {=_xll.BDH(SUBSTITUTE(AP$4," Corp","@ANDE Corp"),"PX_LAST",$C39,$C39,"days=all","dts=h","fill=0","QtTyp=P")} -> 986.12053 | AQ39: {=_xll.BDH(SUBSTITUTE(AQ$4," Corp","@ANDE Corp"),"PX_LAST",$C39,$C39,"days=all","dts=h","fill=0","QtTyp=P")} -> 945.41975 | AR39: {=_xll.BDH(SUBSTITUTE(AR$4," Corp","@ANDE Corp"),"PX_LAST",$C39,$C39,"days=all","dts=h","fill=0","QtTyp=P")} -> 973.49111 | AS39: 0
C40: 41607 | D40: 0 | E40: 0 | F40: 0 | G40: 0 | H40: 0 | I40: 0 | J40: 0 | K40: 0 | L40: {=_xll.BDH(SUBSTITUTE(L$4," Corp","@ANDE Corp"),"PX_LAST",$C40,$C40,"days=all","dts=h","fill=0","QtTyp=P")} -> 894.21543 | M40: 0 | N40: 0 | O40: 0 | P40: {=_xll.BDH(SUBSTITUTE(P$4," Corp","@ANDE Corp"),"PX_LAST",$C40,$C40,"days=all","dts=h","fill=0","QtTyp=P")} -> 991.75237 | Q40: {=_xll.BDH(SUBSTITUTE(Q$4," Corp","@ANDE Corp"),"PX_LAST",$C40,$C40,"days=all","dts=h","fill=0","QtTyp=P")} -> 968.56765 | R40: {=_xll.BDH(SUBSTITUTE(R$4," Corp","@ANDE Corp"),"PX_LAST",$C40,$C40,"days=all","dts=h","fill=0","QtTyp=P")} -> 790.40171 | S40: {=_xll.BDH(SUBSTITUTE(S$4," Corp","@ANDE Corp"),"PX_LAST",$C40,$C40,"days=all","dts=h","fill=0","QtTyp=P")} -> 945.01723 | T40: 0 | U40: {=_xll.BDH(SUBSTITUTE(U$4," Corp","@ANDE Corp"),"PX_LAST",$C40,$C40,"days=all","dts=h","fill=0","QtTyp=P")} -> 869.09909 | V40: {=_xll.BDH(SUBSTITUTE(V$4," Corp","@ANDE Corp"),"PX_LAST",$C40,$C40,"days=all","dts=h","fill=0","QtTyp=P")} -> 743.24318 | W40: {=_xll.BDH(SUBSTITUTE(W$4," Corp","@ANDE Corp"),"PX_LAST",$C40,$C40,"days=all","dts=h","fill=0","QtTyp=P")} -> 842.7835 | X40: {=_xll.BDH(SUBSTITUTE(X$4," Corp","@ANDE Corp"),"PX_LAST",$C40,$C40,"days=all","dts=h","fill=0","QtTyp=P")} -> 698.36322 | Y40: {=_xll.BDH(SUBSTITUTE(Y$4," Corp","@ANDE Corp"),"PX_LAST",$C40,$C40,"days=all","dts=h","fill=0","QtTyp=P")} -> 919.43431 | Z40: {=_xll.BDH(SUBSTITUTE(Z$4," Corp","@ANDE Corp"),"PX_LAST",$C40,$C40,"days=all","dts=h","fill=0","QtTyp=P")} -> 656.09034 | AA40: 0 | AB40: 0 | AC40: 0 | AD40: 0 | AE40: 0 | AF40: 0 | AG40: 0 | AH40: 0 | AI40: 0 | AJ40: {=_xll.BDH(SUBSTITUTE(AJ$4," Corp","@ANDE Corp"),"PX_LAST",$C40,$C40,"days=all","dts=h","fill=0","QtTyp=P")} -> 1040.1596 | AK40: {=_xll.BDH(SUBSTITUTE(AK$4," Corp","@ANDE Corp"),"PX_LAST",$C40,$C40,"days=all","dts=h","fill=0","QtTyp=P")} -> 985.21871 | AL40: 0 | AM40: 0 | AN40: {=_xll.BDH(SUBSTITUTE(AN$4," Corp","@ANDE Corp"),"PX_LAST",$C40,$C40,"days=all","dts=h","fill=0","QtTyp=P")} -> 921.23554 | AO40: {=_xll.BDH(SUBSTITUTE(AO$4," Corp","@ANDE Corp"),"PX_LAST",$C40,$C40,"days=all","dts=h","fill=0","QtTyp=P")} -> 1033.298 | AP40: {=_xll.BDH(SUBSTITUTE(AP$4," Corp","@ANDE Corp"),"PX_LAST",$C40,$C40,"days=all","dts=h","fill=0","QtTyp=P")} -> 966.57761 | AQ40: {=_xll.BDH(SUBSTITUTE(AQ$4," Corp","@ANDE Corp"),"PX_LAST",$C40,$C40,"days=all","dts=h","fill=0","QtTyp=P")} -> 896.47724 | AR40: {=_xll.BDH(SUBSTITUTE(AR$4," Corp","@ANDE Corp"),"PX_LAST",$C40,$C40,"days=all","dts=h","fill=0","QtTyp=P")} -> 949.73139 | AS40: 0
C41: 41638 | D41: 0 | E41: 0 | F41: 0 | G41: 0 | H41: 0 | I41: 0 | J41: 0 | K41: 0 | L41: {=_xll.BDH(SUBSTITUTE(L$4," Corp","@ANDE Corp"),"PX_LAST",$C41,$C41,"days=all","dts=h","fill=0","QtTyp=P")} -> 902.58233 | M41: 0 | N41: 0 | O41: 0 | P41: {=_xll.BDH(SUBSTITUTE(P$4," Corp","@ANDE Corp"),"PX_LAST",$C41,$C41,"days=all","dts=h","fill=0","QtTyp=P")} -> 999.24962 | Q41: {=_xll.BDH(SUBSTITUTE(Q$4," Corp","@ANDE Corp"),"PX_LAST",$C41,$C41,"days=all","dts=h","fill=0","QtTyp=P")} -> 975.96537 | R41: {=_xll.BDH(SUBSTITUTE(R$4," Corp","@ANDE Corp"),"PX_LAST",$C41,$C41,"days=all","dts=h","fill=0","QtTyp=P")} -> 800.29124 | S41: {=_xll.BDH(SUBSTITUTE(S$4," Corp","@ANDE Corp"),"PX_LAST",$C41,$C41,"days=all","dts=h","fill=0","QtTyp=P")} -> 952.63253 | T41: 0 | U41: {=_xll.BDH(SUBSTITUTE(U$4," Corp","@ANDE Corp"),"PX_LAST",$C41,$C41,"days=all","dts=h","fill=0","QtTyp=P")} -> 877.78912 | V41: {=_xll.BDH(SUBSTITUTE(V$4," Corp","@ANDE Corp"),"PX_LAST",$C41,$C41,"days=all","dts=h","fill=0","QtTyp=P")} -> 750.75527 | W41: {=_xll.BDH(SUBSTITUTE(W$4," Corp","@ANDE Corp"),"PX_LAST",$C41,$C41,"days=all","dts=h","fill=0","QtTyp=P")} -> 852.1646 | X41: {=_xll.BDH(SUBSTITUTE(X$4," Corp","@ANDE Corp"),"PX_LAST",$C41,$C41,"days=all","dts=h","fill=0","QtTyp=P")} -> 703.99019 | Y41: {=_xll.BDH(SUBSTITUTE(Y$4," Corp","@ANDE Corp"),"PX_LAST",$C41,$C41,"days=all","dts=h","fill=0","QtTyp=P")} -> 927.21026 | Z41: {=_xll.BDH(SUBSTITUTE(Z$4," Corp","@ANDE Corp"),"PX_LAST",$C41,$C41,"days=all","dts=h","fill=0","QtTyp=P")} -> 660.28445 | AA41: 0 | AB41: 0 | AC41: 0 | AD41: 0 | AE41: 0 | AF41: 0 | AG41: 0 | AH41: 0 | AI41: 0 | AJ41: {=_xll.BDH(SUBSTITUTE(AJ$4," Corp","@ANDE Corp"),"PX_LAST",$C41,$C41,"days=all","dts=h","fill=0","QtTyp=P")} -> 1048.0212 | AK41: {=_xll.BDH(SUBSTITUTE(AK$4," Corp","@ANDE Corp"),"PX_LAST",$C41,$C41,"days=all","dts=h","fill=0","QtTyp=P")} -> 994.33367 | AL41: 0 | AM41: 0 | AN41: {=_xll.BDH(SUBSTITUTE(AN$4," Corp","@ANDE Corp"),"PX_LAST",$C41,$C41,"days=all","dts=h","fill=0","QtTyp=P")} -> 917.98835 | AO41: {=_xll.BDH(SUBSTITUTE(AO$4," Corp","@ANDE Corp"),"PX_LAST",$C41,$C41,"days=all","dts=h","fill=0","QtTyp=P")} -> 1042.4717 | AP41: {=_xll.BDH(SUBSTITUTE(AP$4," Corp","@ANDE Corp"),"PX_LAST",$C41,$C41,"days=all","dts=h","fill=0","QtTyp=P")} -> 971.52467 | AQ41: {=_xll.BDH(SUBSTITUTE(AQ$4," Corp","@ANDE Corp"),"PX_LAST",$C41,$C41,"days=all","dts=h","fill=0","QtTyp=P")} -> 892.68729 | AR41: {=_xll.BDH(SUBSTITUTE(AR$4," Corp","@ANDE Corp"),"PX_LAST",$C41,$C41,"days=all","dts=h","fill=0","QtTyp=P")} -> 952.09701 | AS41: 0
C42: 41670 | D42: 0 | E42: 0 | F42: 0 | G42: 0 | H42: 0 | I42: 0 | J42: 0 | K42: 0 | L42: {=_xll.BDH(SUBSTITUTE(L$4," Corp","@ANDE Corp"),"PX_LAST",$C42,$C42,"days=all","dts=h","fill=0","QtTyp=P")} -> 902.64702 | M42: 0 | N42: 0 | O42: 0 | P42: 0 | Q42: {=_xll.BDH(SUBSTITUTE(Q$4," Corp","@ANDE Corp"),"PX_LAST",$C42,$C42,"days=all","dts=h","fill=0","QtTyp=P")} -> 983.98848 | R42: {=_xll.BDH(SUBSTITUTE(R$4," Corp","@ANDE Corp"),"PX_LAST",$C42,$C42,"days=all","dts=h","fill=0","QtTyp=P")} -> 795.58248 | S42: {=_xll.BDH(SUBSTITUTE(S$4," Corp","@ANDE Corp"),"PX_LAST",$C42,$C42,"days=all","dts=h","fill=0","QtTyp=P")} -> 958.35693 | T42: 0 | U42: {=_xll.BDH(SUBSTITUTE(U$4," Corp","@ANDE Corp"),"PX_LAST",$C42,$C42,"days=all","dts=h","fill=0","QtTyp=P")} -> 875.99947 | V42: {=_xll.BDH(SUBSTITUTE(V$4," Corp","@ANDE Corp"),"PX_LAST",$C42,$C42,"days=all","dts=h","fill=0","QtTyp=P")} -> 745.54137 | W42: {=_xll.BDH(SUBSTITUTE(W$4," Corp","@ANDE Corp"),"PX_LAST",$C42,$C42,"days=all","dts=h","fill=0","QtTyp=P")} -> 849.21825 | X42: {=_xll.BDH(SUBSTITUTE(X$4," Corp","@ANDE Corp"),"PX_LAST",$C42,$C42,"days=all","dts=h","fill=0","QtTyp=P")} -> 698.87419 | Y42: {=_xll.BDH(SUBSTITUTE(Y$4," Corp","@ANDE Corp"),"PX_LAST",$C42,$C42,"days=all","dts=h","fill=0","QtTyp=P")} -> 930.26129 | Z42: {=_xll.BDH(SUBSTITUTE(Z$4," Corp","@ANDE Corp"),"PX_LAST",$C42,$C42,"days=all","dts=h","fill=0","QtTyp=P")} -> 655.48445 | AA42: {=_xll.BDH(SUBSTITUTE(AA$4," Corp","@ANDE Corp"),"PX_LAST",$C42,$C42,"days=all","dts=h","fill=0","QtTyp=P")} -> 769.95361 | AB42: {=_xll.BDH(SUBSTITUTE(AB$4," Corp","@ANDE Corp"),"PX_LAST",$C42,$C42,"days=all","dts=h","fill=0","QtTyp=P")} -> 614.5018 | AC42: 0 | AD42: 0 | AE42: 0 | AF42: 0 | AG42: 0 | AH42: 0 | AI42: 0 | AJ42: 0 | AK42: {=_xll.BDH(SUBSTITUTE(AK$4," Corp","@ANDE Corp"),"PX_LAST",$C42,$C42,"days=all","dts=h","fill=0","QtTyp=P")} -> 940.49827 | AL42: 0 | AM42: 0 | AN42: {=_xll.BDH(SUBSTITUTE(AN$4," Corp","@ANDE Corp"),"PX_LAST",$C42,$C42,"days=all","dts=h","fill=0","QtTyp=P")} -> 868.32182 | AO42: {=_xll.BDH(SUBSTITUTE(AO$4," Corp","@ANDE Corp"),"PX_LAST",$C42,$C42,"days=all","dts=h","fill=0","QtTyp=P")} -> 994.49858 | AP42: {=_xll.BDH(SUBSTITUTE(AP$4," Corp","@ANDE Corp"),"PX_LAST",$C42,$C42,"days=all","dts=h","fill=0","QtTyp=P")} -> 918.75082 | AQ42: {=_xll.BDH(SUBSTITUTE(AQ$4," Corp","@ANDE Corp"),"PX_LAST",$C42,$C42,"days=all","dts=h","fill=0","QtTyp=P")} -> 840.29557 | AR42: {=_xll.BDH(SUBSTITUTE(AR$4," Corp","@ANDE Corp"),"PX_LAST",$C42,$C42,"days=all","dts=h","fill=0","QtTyp=P")} -> 901.16591 | AS42: {=_xll.BDH(SUBSTITUTE(AS$4," Corp","@ANDE Corp"),"PX_LAST",$C42,$C42,"days=all","dts=h","fill=0","QtTyp=P")} -> 821.21064
C43: 41698 | D43: 0 | E43: 0 | F43: 0 | G43: 0 | H43: 0 | I43: 0 | J43: 0 | K43: 0 | L43: {=_xll.BDH(SUBSTITUTE(L$4," Corp","@ANDE Corp"),"PX_LAST",$C43,$C43,"days=all","dts=h","fill=0","QtTyp=P")} -> 914.81382 | M43: 0 | N43: 0 | O43: 0 | P43: 0 | Q43: {=_xll.BDH(SUBSTITUTE(Q$4," Corp","@ANDE Corp"),"PX_LAST",$C43,$C43,"days=all","dts=h","fill=0","QtTyp=P")} -> 991.97822 | R43: {=_xll.BDH(SUBSTITUTE(R$4," Corp","@ANDE Corp"),"PX_LAST",$C43,$C43,"days=all","dts=h","fill=0","QtTyp=P")} -> 812.53145 | S43: {=_xll.BDH(SUBSTITUTE(S$4," Corp","@ANDE Corp"),"PX_LAST",$C43,$C43,"days=all","dts=h","fill=0","QtTyp=P")} -> 967.37639 | T43: 0 | U43: {=_xll.BDH(SUBSTITUTE(U$4," Corp","@ANDE Corp"),"PX_LAST",$C43,$C43,"days=all","dts=h","fill=0","QtTyp=P")} -> 889.54691 | V43: {=_xll.BDH(SUBSTITUTE(V$4," Corp","@ANDE Corp"),"PX_LAST",$C43,$C43,"days=all","dts=h","fill=0","QtTyp=P")} -> 764.54806 | W43: {=_xll.BDH(SUBSTITUTE(W$4," Corp","@ANDE Corp"),"PX_LAST",$C43,$C43,"days=all","dts=h","fill=0","QtTyp=P")} -> 864.00577 | X43: {=_xll.BDH(SUBSTITUTE(X$4," Corp","@ANDE Corp"),"PX_LAST",$C43,$C43,"days=all","dts=h","fill=0","QtTyp=P")} -> 719.46708 | Y43: {=_xll.BDH(SUBSTITUTE(Y$4," Corp","@ANDE Corp"),"PX_LAST",$C43,$C43,"days=all","dts=h","fill=0","QtTyp=P")} -> 940.79195 | Z43: {=_xll.BDH(SUBSTITUTE(Z$4," Corp","@ANDE Corp"),"PX_LAST",$C43,$C43,"days=all","dts=h","fill=0","QtTyp=P")} -> 677.40279 | AA43: {=_xll.BDH(SUBSTITUTE(AA$4," Corp","@ANDE Corp"),"PX_LAST",$C43,$C43,"days=all","dts=h","fill=0","QtTyp=P")} -> 788.22162 | AB43: {=_xll.BDH(SUBSTITUTE(AB$4," Corp","@ANDE Corp"),"PX_LAST",$C43,$C43,"days=all","dts=h","fill=0","QtTyp=P")} -> 636.84004 | AC43: 0 | AD43: 0 | AE43: 0 | AF43: 0 | AG43: 0 | AH43: 0 | AI43: 0 | AJ43: 0 | AK43: {=_xll.BDH(SUBSTITUTE(AK$4," Corp","@ANDE Corp"),"PX_LAST",$C43,$C43,"days=all","dts=h","fill=0","QtTyp=P")} -> 966.77748 | AL43: 0 | AM43: 0 | AN43: {=_xll.BDH(SUBSTITUTE(AN$4," Corp","@ANDE Corp"),"PX_LAST",$C43,$C43,"days=all","dts=h","fill=0","QtTyp=P")} -> 905.30348 | AO43: {=_xll.BDH(SUBSTITUTE(AO$4," Corp","@ANDE Corp"),"PX_LAST",$C43,$C43,"days=all","dts=h","fill=0","QtTyp=P")} -> 1007.6736 | AP43: {=_xll.BDH(SUBSTITUTE(AP$4," Corp","@ANDE Corp"),"PX_LAST",$C43,$C43,"days=all","dts=h","fill=0","QtTyp=P")} -> 948.5236 | AQ43: {=_xll.BDH(SUBSTITUTE(AQ$4," Corp","@ANDE Corp"),"PX_LAST",$C43,$C43,"days=all","dts=h","fill=0","QtTyp=P")} -> 883.86535 | AR43: {=_xll.BDH(SUBSTITUTE(AR$4," Corp","@ANDE Corp"),"PX_LAST",$C43,$C43,"days=all","dts=h","fill=0","QtTyp=P")} -> 933.44861 | AS43: {=_xll.BDH(SUBSTITUTE(AS$4," Corp","@ANDE Corp"),"PX_LAST",$C43,$C43,"days=all","dts=h","fill=0","QtTyp=P")} -> 861.03471
C44: 41729 | D44: 0 | E44: 0 | F44: 0 | G44: 0 | H44: 0 | I44: 0 | J44: 0 | K44: 0 | L44: {=_xll.BDH(SUBSTITUTE(L$4," Corp","@ANDE Corp"),"PX_LAST",$C44,$C44,"days=all","dts=h","fill=0","QtTyp=P")} -> 922.01386 | M44: 0 | N44: 0 | O44: 0 | P44: 0 | Q44: {=_xll.BDH(SUBSTITUTE(Q$4," Corp","@ANDE Corp"),"PX_LAST",$C44,$C44,"days=all","dts=h","fill=0","QtTyp=P")} -> 999.59797 | R44: {=_xll.BDH(SUBSTITUTE(R$4," Corp","@ANDE Corp"),"PX_LAST",$C44,$C44,"days=all","dts=h","fill=0","QtTyp=P")} -> 817.40567 | S44: {=_xll.BDH(SUBSTITUTE(S$4," Corp","@ANDE Corp"),"PX_LAST",$C44,$C44,"days=all","dts=h","fill=0","QtTyp=P")} -> 974.96077 | T44: 0 | U44: {=_xll.BDH(SUBSTITUTE(U$4," Corp","@ANDE Corp"),"PX_LAST",$C44,$C44,"days=all","dts=h","fill=0","QtTyp=P")} -> 896.33039 | V44: {=_xll.BDH(SUBSTITUTE(V$4," Corp","@ANDE Corp"),"PX_LAST",$C44,$C44,"days=all","dts=h","fill=0","QtTyp=P")} -> 768.27511 | W44: {=_xll.BDH(SUBSTITUTE(W$4," Corp","@ANDE Corp"),"PX_LAST",$C44,$C44,"days=all","dts=h","fill=0","QtTyp=P")} -> 870.24692 | X44: {=_xll.BDH(SUBSTITUTE(X$4," Corp","@ANDE Corp"),"PX_LAST",$C44,$C44,"days=all","dts=h","fill=0","QtTyp=P")} -> 722.38074 | Y44: {=_xll.BDH(SUBSTITUTE(Y$4," Corp","@ANDE Corp"),"PX_LAST",$C44,$C44,"days=all","dts=h","fill=0","QtTyp=P")} -> 948.22119 | Z44: {=_xll.BDH(SUBSTITUTE(Z$4," Corp","@ANDE Corp"),"PX_LAST",$C44,$C44,"days=all","dts=h","fill=0","QtTyp=P")} -> 679.5424 | AA44: {=_xll.BDH(SUBSTITUTE(AA$4," Corp","@ANDE Corp"),"PX_LAST",$C44,$C44,"days=all","dts=h","fill=0","QtTyp=P")} -> 792.80333 | AB44: {=_xll.BDH(SUBSTITUTE(AB$4," Corp","@ANDE Corp"),"PX_LAST",$C44,$C44,"days=all","dts=h","fill=0","QtTyp=P")} -> 638.39429 | AC44: 0 | AD44: 0 | AE44: 0 | AF44: 0 | AG44: 0 | AH44: 0 | AI44: 0 | AJ44: 0 | AK44: {=_xll.BDH(SUBSTITUTE(AK$4," Corp","@ANDE Corp"),"PX_LAST",$C44,$C44,"days=all","dts=h","fill=0","QtTyp=P")} -> 971.19081 | AL44: 0 | AM44: 0 | AN44: {=_xll.BDH(SUBSTITUTE(AN$4," Corp","@ANDE Corp"),"PX_LAST",$C44,$C44,"days=all","dts=h","fill=0","QtTyp=P")} -> 910.94221 | AO44: {=_xll.BDH(SUBSTITUTE(AO$4," Corp","@ANDE Corp"),"PX_LAST",$C44,$C44,"days=all","dts=h","fill=0","QtTyp=P")} -> 1015.2992 | AP44: {=_xll.BDH(SUBSTITUTE(AP$4," Corp","@ANDE Corp"),"PX_LAST",$C44,$C44,"days=all","dts=h","fill=0","QtTyp=P")} -> 952.167 | AQ44: {=_xll.BDH(SUBSTITUTE(AQ$4," Corp","@ANDE Corp"),"PX_LAST",$C44,$C44,"days=all","dts=h","fill=0","QtTyp=P")} -> 887.92456 | AR44: {=_xll.BDH(SUBSTITUTE(AR$4," Corp","@ANDE Corp"),"PX_LAST",$C44,$C44,"days=all","dts=h","fill=0","QtTyp=P")} -> 937.9502 | AS44: {=_xll.BDH(SUBSTITUTE(AS$4," Corp","@ANDE Corp"),"PX_LAST",$C44,$C44,"days=all","dts=h","fill=0","QtTyp=P")} -> 866.1276
C45: 41759 | D45: 0 | E45: 0 | F45: 0 | G45: 0 | H45: 0 | I45: 0 | J45: 0 | K45: 0 | L45: {=_xll.BDH(SUBSTITUTE(L$4," Corp","@ANDE Corp"),"PX_LAST",$C45,$C45,"days=all","dts=h","fill=0","QtTyp=P")} -> 930.45716 | M45: 0 | N45: 0 | O45: 0 | P45: 0 | Q45: 0 | R45: {=_xll.BDH(SUBSTITUTE(R$4," Corp","@ANDE Corp"),"PX_LAST",$C45,$C45,"days=all","dts=h","fill=0","QtTyp=P")} -> 826.69437 | S45: {=_xll.BDH(SUBSTITUTE(S$4," Corp","@ANDE Corp"),"PX_LAST",$C45,$C45,"days=all","dts=h","fill=0","QtTyp=P")} -> 982.84414 | T45: 0 | U45: {=_xll.BDH(SUBSTITUTE(U$4," Corp","@ANDE Corp"),"PX_LAST",$C45,$C45,"days=all","dts=h","fill=0","QtTyp=P")} -> 905.17932 | V45: {=_xll.BDH(SUBSTITUTE(V$4," Corp","@ANDE Corp"),"PX_LAST",$C45,$C45,"days=all","dts=h","fill=0","QtTyp=P")} -> 778.15078 | W45: {=_xll.BDH(SUBSTITUTE(W$4," Corp","@ANDE Corp"),"PX_LAST",$C45,$C45,"days=all","dts=h","fill=0","QtTyp=P")} -> 879.24551 | X45: {=_xll.BDH(SUBSTITUTE(X$4," Corp","@ANDE Corp"),"PX_LAST",$C45,$C45,"days=all","dts=h","fill=0","QtTyp=P")} -> 732.90609 | Y45: {=_xll.BDH(SUBSTITUTE(Y$4," Corp","@ANDE Corp"),"PX_LAST",$C45,$C45,"days=all","dts=h","fill=0","QtTyp=P")} -> 956.24238 | Z45: {=_xll.BDH(SUBSTITUTE(Z$4," Corp","@ANDE Corp"),"PX_LAST",$C45,$C45,"days=all","dts=h","fill=0","QtTyp=P")} -> 690.05937 | AA45: {=_xll.BDH(SUBSTITUTE(AA$4," Corp","@ANDE Corp"),"PX_LAST",$C45,$C45,"days=all","dts=h","fill=0","QtTyp=P")} -> 802.09645 | AB45: {=_xll.BDH(SUBSTITUTE(AB$4," Corp","@ANDE Corp"),"PX_LAST",$C45,$C45,"days=all","dts=h","fill=0","QtTyp=P")} -> 649.58602 | AC45: 0 | AD45: 0 | AE45: 0 | AF45: 0 | AG45: 0 | AH45: 0 | AI45: 0 | AJ45: 0 | AK45: {=_xll.BDH(SUBSTITUTE(AK$4," Corp","@ANDE Corp"),"PX_LAST",$C45,$C45,"days=all","dts=h","fill=0","QtTyp=P")} -> 983.70752 | AL45: 0 | AM45: 0 | AN45: {=_xll.BDH(SUBSTITUTE(AN$4," Corp","@ANDE Corp"),"PX_LAST",$C45,$C45,"days=all","dts=h","fill=0","QtTyp=P")} -> 929.86415 | AO45: {=_xll.BDH(SUBSTITUTE(AO$4," Corp","@ANDE Corp"),"PX_LAST",$C45,$C45,"days=all","dts=h","fill=0","QtTyp=P")} -> 1024.5853 | AP45: {=_xll.BDH(SUBSTITUTE(AP$4," Corp","@ANDE Corp"),"PX_LAST",$C45,$C45,"days=all","dts=h","fill=0","QtTyp=P")} -> 967.12376 | AQ45: {=_xll.BDH(SUBSTITUTE(AQ$4," Corp","@ANDE Corp"),"PX_LAST",$C45,$C45,"days=all","dts=h","fill=0","QtTyp=P")} -> 908.43132 | AR45: {=_xll.BDH(SUBSTITUTE(AR$4," Corp","@ANDE Corp"),"PX_LAST",$C45,$C45,"days=all","dts=h","fill=0","QtTyp=P")} -> 955.26561 | AS45: {=_xll.BDH(SUBSTITUTE(AS$4," Corp","@ANDE Corp"),"PX_LAST",$C45,$C45,"days=all","dts=h","fill=0","QtTyp=P")} -> 886.38609
C46: 41789 | D46: 0 | E46: 0 | F46: 0 | G46: 0 | H46: 0 | I46: 0 | J46: 0 | K46: 0 | L46: {=_xll.BDH(SUBSTITUTE(L$4," Corp","@ANDE Corp"),"PX_LAST",$C46,$C46,"days=all","dts=h","fill=0","QtTyp=P")} -> 939.29974 | M46: 0 | N46: 0 | O46: 0 | P46: 0 | Q46: 0 | R46: {=_xll.BDH(SUBSTITUTE(R$4," Corp","@ANDE Corp"),"PX_LAST",$C46,$C46,"days=all","dts=h","fill=0","QtTyp=P")} -> 840.64747 | S46: {=_xll.BDH(SUBSTITUTE(S$4," Corp","@ANDE Corp"),"PX_LAST",$C46,$C46,"days=all","dts=h","fill=0","QtTyp=P")} -> 991.39435 | T46: 0 | U46: {=_xll.BDH(SUBSTITUTE(U$4," Corp","@ANDE Corp"),"PX_LAST",$C46,$C46,"days=all","dts=h","fill=0","QtTyp=P")} -> 914.95289 | V46: {=_xll.BDH(SUBSTITUTE(V$4," Corp","@ANDE Corp"),"PX_LAST",$C46,$C46,"days=all","dts=h","fill=0","QtTyp=P")} -> 794.01443 | W46: {=_xll.BDH(SUBSTITUTE(W$4," Corp","@ANDE Corp"),"PX_LAST",$C46,$C46,"days=all","dts=h","fill=0","QtTyp=P")} -> 890.44737 | X46: {=_xll.BDH(SUBSTITUTE(X$4," Corp","@ANDE Corp"),"PX_LAST",$C46,$C46,"days=all","dts=h","fill=0","QtTyp=P")} -> 750.35658 | Y46: {=_xll.BDH(SUBSTITUTE(Y$4," Corp","@ANDE Corp"),"PX_LAST",$C46,$C46,"days=all","dts=h","fill=0","QtTyp=P")} -> 964.80646 | Z46: {=_xll.BDH(SUBSTITUTE(Z$4," Corp","@ANDE Corp"),"PX_LAST",$C46,$C46,"days=all","dts=h","fill=0","QtTyp=P")} -> 708.90016 | AA46: {=_xll.BDH(SUBSTITUTE(AA$4," Corp","@ANDE Corp"),"PX_LAST",$C46,$C46,"days=all","dts=h","fill=0","QtTyp=P")} -> 817.26763 | AB46: {=_xll.BDH(SUBSTITUTE(AB$4," Corp","@ANDE Corp"),"PX_LAST",$C46,$C46,"days=all","dts=h","fill=0","QtTyp=P")} -> 669.00027 | AC46: 0 | AD46: 0 | AE46: 0 | AF46: 0 | AG46: 0 | AH46: 0 | AI46: 0 | AJ46: 0 | AK46: {=_xll.BDH(SUBSTITUTE(AK$4," Corp","@ANDE Corp"),"PX_LAST",$C46,$C46,"days=all","dts=h","fill=0","QtTyp=P")} -> 1005.1796 | AL46: 0 | AM46: 0 | AN46: {=_xll.BDH(SUBSTITUTE(AN$4," Corp","@ANDE Corp"),"PX_LAST",$C46,$C46,"days=all","dts=h","fill=0","QtTyp=P")} -> 958.3945 | AO46: {=_xll.BDH(SUBSTITUTE(AO$4," Corp","@ANDE Corp"),"PX_LAST",$C46,$C46,"days=all","dts=h","fill=0","QtTyp=P")} -> 1034.2862 | AP46: {=_xll.BDH(SUBSTITUTE(AP$4," Corp","@ANDE Corp"),"PX_LAST",$C46,$C46,"days=all","dts=h","fill=0","QtTyp=P")} -> 992.44987 | AQ46: {=_xll.BDH(SUBSTITUTE(AQ$4," Corp","@ANDE Corp"),"PX_LAST",$C46,$C46,"days=all","dts=h","fill=0","QtTyp=P")} -> 940.75803 | AR46: {=_xll.BDH(SUBSTITUTE(AR$4," Corp","@ANDE Corp"),"PX_LAST",$C46,$C46,"days=all","dts=h","fill=0","QtTyp=P")} -> 982.17262 | AS46: {=_xll.BDH(SUBSTITUTE(AS$4," Corp","@ANDE Corp"),"PX_LAST",$C46,$C46,"days=all","dts=h","fill=0","QtTyp=P")} -> 923.79602
C47: 41820 | D47: 0 | E47: 0 | F47: 0 | G47: 0 | H47: 0 | I47: 0 | J47: 0 | K47: 0 | L47: {=_xll.BDH(SUBSTITUTE(L$4," Corp","@ANDE Corp"),"PX_LAST",$C47,$C47,"days=all","dts=h","fill=0","QtTyp=P")} -> 947.38429 | M47: 0 | N47: 0 | O47: 0 | P47: 0 | Q47: 0 | R47: {=_xll.BDH(SUBSTITUTE(R$4," Corp","@ANDE Corp"),"PX_LAST",$C47,$C47,"days=all","dts=h","fill=0","QtTyp=P")} -> 850.54385 | S47: {=_xll.BDH(SUBSTITUTE(S$4," Corp","@ANDE Corp"),"PX_LAST",$C47,$C47,"days=all","dts=h","fill=0","QtTyp=P")} -> 999.58777 | T47: 0 | U47: {=_xll.BDH(SUBSTITUTE(U$4," Corp","@ANDE Corp"),"PX_LAST",$C47,$C47,"days=all","dts=h","fill=0","QtTyp=P")} -> 923.71003 | V47: {=_xll.BDH(SUBSTITUTE(V$4," Corp","@ANDE Corp"),"PX_LAST",$C47,$C47,"days=all","dts=h","fill=0","QtTyp=P")} -> 803.47691 | W47: {=_xll.BDH(SUBSTITUTE(W$4," Corp","@ANDE Corp"),"PX_LAST",$C47,$C47,"days=all","dts=h","fill=0","QtTyp=P")} -> 900.19999 | X47: {=_xll.BDH(SUBSTITUTE(X$4," Corp","@ANDE Corp"),"PX_LAST",$C47,$C47,"days=all","dts=h","fill=0","QtTyp=P")} -> 758.32393 | Y47: {=_xll.BDH(SUBSTITUTE(Y$4," Corp","@ANDE Corp"),"PX_LAST",$C47,$C47,"days=all","dts=h","fill=0","QtTyp=P")} -> 972.87335 | Z47: {=_xll.BDH(SUBSTITUTE(Z$4," Corp","@ANDE Corp"),"PX_LAST",$C47,$C47,"days=all","dts=h","fill=0","QtTyp=P")} -> 715.51717 | AA47: {=_xll.BDH(SUBSTITUTE(AA$4," Corp","@ANDE Corp"),"PX_LAST",$C47,$C47,"days=all","dts=h","fill=0","QtTyp=P")} -> 826.97385 | AB47: {=_xll.BDH(SUBSTITUTE(AB$4," Corp","@ANDE Corp"),"PX_LAST",$C47,$C47,"days=all","dts=h","fill=0","QtTyp=P")} -> 674.80597 | AC47: 0 | AD47: 0 | AE47: 0 | AF47: 0 | AG47: 0 | AH47: 0 | AI47: 0 | AJ47: 0 | AK47: {=_xll.BDH(SUBSTITUTE(AK$4," Corp","@ANDE Corp"),"PX_LAST",$C47,$C47,"days=all","dts=h","fill=0","QtTyp=P")} -> 1015.4273 | AL47: 0 | AM47: 0 | AN47: {=_xll.BDH(SUBSTITUTE(AN$4," Corp","@ANDE Corp"),"PX_LAST",$C47,$C47,"days=all","dts=h","fill=0","QtTyp=P")} -> 962.81176 | AO47: {=_xll.BDH(SUBSTITUTE(AO$4," Corp","@ANDE Corp"),"PX_LAST",$C47,$C47,"days=all","dts=h","fill=0","QtTyp=P")} -> 1042.6516 | AP47: {=_xll.BDH(SUBSTITUTE(AP$4," Corp","@ANDE Corp"),"PX_LAST",$C47,$C47,"days=all","dts=h","fill=0","QtTyp=P")} -> 1001.0696 | AQ47: {=_xll.BDH(SUBSTITUTE(AQ$4," Corp","@ANDE Corp"),"PX_LAST",$C47,$C47,"days=all","dts=h","fill=0","QtTyp=P")} -> 945.39054 | AR47: {=_xll.BDH(SUBSTITUTE(AR$4," Corp","@ANDE Corp"),"PX_LAST",$C47,$C47,"days=all","dts=h","fill=0","QtTyp=P")} -> 988.29416 | AS47: {=_xll.BDH(SUBSTITUTE(AS$4," Corp","@ANDE Corp"),"PX_LAST",$C47,$C47,"days=all","dts=h","fill=0","QtTyp=P")} -> 927.58567
C48: 41851 | D48: 0 | E48: 0 | F48: 0 | G48: 0 | H48: 0 | I48: 0 | J48: 0 | K48: 0 | L48: {=_xll.BDH(SUBSTITUTE(L$4," Corp","@ANDE Corp"),"PX_LAST",$C48,$C48,"days=all","dts=h","fill=0","QtTyp=P")} -> 956.35775 | M48: 0 | N48: 0 | O48: 0 | P48: 0 | Q48: 0 | R48: {=_xll.BDH(SUBSTITUTE(R$4," Corp","@ANDE Corp"),"PX_LAST",$C48,$C48,"days=all","dts=h","fill=0","QtTyp=P")} -> 858.98322 | S48: 0 | T48: 0 | U48: {=_xll.BDH(SUBSTITUTE(U$4," Corp","@ANDE Corp"),"PX_LAST",$C48,$C48,"days=all","dts=h","fill=0","QtTyp=P")} -> 932.5432 | V48: {=_xll.BDH(SUBSTITUTE(V$4," Corp","@ANDE Corp"),"PX_LAST",$C48,$C48,"days=all","dts=h","fill=0","QtTyp=P")} -> 812.11646 | W48: {=_xll.BDH(SUBSTITUTE(W$4," Corp","@ANDE Corp"),"PX_LAST",$C48,$C48,"days=all","dts=h","fill=0","QtTyp=P")} -> 908.62583 | X48: {=_xll.BDH(SUBSTITUTE(X$4," Corp","@ANDE Corp"),"PX_LAST",$C48,$C48,"days=all","dts=h","fill=0","QtTyp=P")} -> 766.6929 | Y48: {=_xll.BDH(SUBSTITUTE(Y$4," Corp","@ANDE Corp"),"PX_LAST",$C48,$C48,"days=all","dts=h","fill=0","QtTyp=P")} -> 982.0941 | Z48: {=_xll.BDH(SUBSTITUTE(Z$4," Corp","@ANDE Corp"),"PX_LAST",$C48,$C48,"days=all","dts=h","fill=0","QtTyp=P")} -> 724.59926 | AA48: {=_xll.BDH(SUBSTITUTE(AA$4," Corp","@ANDE Corp"),"PX_LAST",$C48,$C48,"days=all","dts=h","fill=0","QtTyp=P")} -> 835.33113 | AB48: {=_xll.BDH(SUBSTITUTE(AB$4," Corp","@ANDE Corp"),"PX_LAST",$C48,$C48,"days=all","dts=h","fill=0","QtTyp=P")} -> 683.59805 | ... AE48: {=_xll.BDH(SUBSTITUTE(AE$4," Corp","@ANDE Corp"),"PX_LAST",$C48,$C48,"days=all","dts=h","fill=0","QtTyp=P")} -> 644.84117 | AF48: 0 | AG48: 0 | AH48: 0 | AI48: 0 | AJ48: 0 | AK48: {=_xll.BDH(SUBSTITUTE(AK$4," Corp","@ANDE Corp"),"PX_LAST",$C48,$C48,"days=all","dts=h","fill=0","QtTyp=P")} -> 976.71159 | AL48: 0 | AM48: 0 | AN48: {=_xll.BDH(SUBSTITUTE(AN$4," Corp","@ANDE Corp"),"PX_LAST",$C48,$C48,"days=all","dts=h","fill=0","QtTyp=P")} -> 931.08564 | AO48: {=_xll.BDH(SUBSTITUTE(AO$4," Corp","@ANDE Corp"),"PX_LAST",$C48,$C48,"days=all","dts=h","fill=0","QtTyp=P")} -> 1003.1144 | AP48: {=_xll.BDH(SUBSTITUTE(AP$4," Corp","@ANDE Corp"),"PX_LAST",$C48,$C48,"days=all","dts=h","fill=0","QtTyp=P")} -> 964.15985 | AQ48: {=_xll.BDH(SUBSTITUTE(AQ$4," Corp","@ANDE Corp"),"PX_LAST",$C48,$C48,"days=all","dts=h","fill=0","QtTyp=P")} -> 914.55276 | AR48: {=_xll.BDH(SUBSTITUTE(AR$4," Corp","@ANDE Corp"),"PX_LAST",$C48,$C48,"days=all","dts=h","fill=0","QtTyp=P")} -> 953.42274 | AS48: {=_xll.BDH(SUBSTITUTE(AS$4," Corp","@ANDE Corp"),"PX_LAST",$C48,$C48,"days=all","dts=h","fill=0","QtTyp=P")} -> 896.70432
C49: 41880 | D49: 0 | E49: 0 | F49: 0 | G49: 0 | H49: 0 | I49: 0 | J49: 0 | K49: 0 | L49: {=_xll.BDH(SUBSTITUTE(L$4," Corp","@ANDE Corp"),"PX_LAST",$C49,$C49,"days=all","dts=h","fill=0","QtTyp=P")} -> 964.58475 | M49: 0 | N49: 0 | O49: 0 | P49: 0 | Q49: 0 | R49: {=_xll.BDH(SUBSTITUTE(R$4," Corp","@ANDE Corp"),"PX_LAST",$C49,$C49,"days=all","dts=h","fill=0","QtTyp=P")} -> 865.97855 | S49: 0 | T49: 0 | U49: {=_xll.BDH(SUBSTITUTE(U$4," Corp","@ANDE Corp"),"PX_LAST",$C49,$C49,"days=all","dts=h","fill=0","QtTyp=P")} -> 940.13522 | V49: {=_xll.BDH(SUBSTITUTE(V$4," Corp","@ANDE Corp"),"PX_LAST",$C49,$C49,"days=all","dts=h","fill=0","QtTyp=P")} -> 820.94088 | W49: {=_xll.BDH(SUBSTITUTE(W$4," Corp","@ANDE Corp"),"PX_LAST",$C49,$C49,"days=all","dts=h","fill=0","QtTyp=P")} -> 915.91625 | X49: {=_xll.BDH(SUBSTITUTE(X$4," Corp","@ANDE Corp"),"PX_LAST",$C49,$C49,"days=all","dts=h","fill=0","QtTyp=P")} -> 777.92772 | Y49: {=_xll.BDH(SUBSTITUTE(Y$4," Corp","@ANDE Corp"),"PX_LAST",$C49,$C49,"days=all","dts=h","fill=0","QtTyp=P")} -> 990.58654 | Z49: {=_xll.BDH(SUBSTITUTE(Z$4," Corp","@ANDE Corp"),"PX_LAST",$C49,$C49,"days=all","dts=h","fill=0","QtTyp=P")} -> 737.68123 | AA49: {=_xll.BDH(SUBSTITUTE(AA$4," Corp","@ANDE Corp"),"PX_LAST",$C49,$C49,"days=all","dts=h","fill=0","QtTyp=P")} -> 843.26587 | AB49: {=_xll.BDH(SUBSTITUTE(AB$4," Corp","@ANDE Corp"),"PX_LAST",$C49,$C49,"days=all","dts=h","fill=0","QtTyp=P")} -> 699.10427 | ... AE49: {=_xll.BDH(SUBSTITUTE(AE$4," Corp","@ANDE Corp"),"PX_LAST",$C49,$C49,"days=all","dts=h","fill=0","QtTyp=P")} -> 663.13376 | AF49: 0 | AG49: 0 | AH49: 0 | AI49: 0 | AJ49: 0 | AK49: {=_xll.BDH(SUBSTITUTE(AK$4," Corp","@ANDE Corp"),"PX_LAST",$C49,$C49,"days=all","dts=h","fill=0","QtTyp=P")} -> 990.13208 | AL49: 0 | AM49: 0 | AN49: {=_xll.BDH(SUBSTITUTE(AN$4," Corp","@ANDE Corp"),"PX_LAST",$C49,$C49,"days=all","dts=h","fill=0","QtTyp=P")} -> 965.29296 | AO49: {=_xll.BDH(SUBSTITUTE(AO$4," Corp","@ANDE Corp"),"PX_LAST",$C49,$C49,"days=all","dts=h","fill=0","QtTyp=P")} -> 1011.6717 | AP49: {=_xll.BDH(SUBSTITUTE(AP$4," Corp","@ANDE Corp"),"PX_LAST",$C49,$C49,"days=all","dts=h","fill=0","QtTyp=P")} -> 983.58584 | AQ49: {=_xll.BDH(SUBSTITUTE(AQ$4," Corp","@ANDE Corp"),"PX_LAST",$C49,$C49,"days=all","dts=h","fill=0","QtTyp=P")} -> 957.24499 | AR49: {=_xll.BDH(SUBSTITUTE(AR$4," Corp","@ANDE Corp"),"PX_LAST",$C49,$C49,"days=all","dts=h","fill=0","QtTyp=P")} -> 977.54865 | AS49: {=_xll.BDH(SUBSTITUTE(AS$4," Corp","@ANDE Corp"),"PX_LAST",$C49,$C49,"days=all","dts=h","fill=0","QtTyp=P")} -> 949.06009
C50: 41912 | D50: 0 | E50: 0 | F50: 0 | G50: 0 | H50: 0 | I50: 0 | J50: 0 | K50: 0 | L50: {=_xll.BDH(SUBSTITUTE(L$4," Corp","@ANDE Corp"),"PX_LAST",$C50,$C50,"days=all","dts=h","fill=0","QtTyp=P")} -> 973.07335 | M50: 0 | N50: 0 | O50: 0 | P50: 0 | Q50: 0 | R50: {=_xll.BDH(SUBSTITUTE(R$4," Corp","@ANDE Corp"),"PX_LAST",$C50,$C50,"days=all","dts=h","fill=0","QtTyp=P")} -> 867.1787 | S50: 0 | T50: 0 | U50: {=_xll.BDH(SUBSTITUTE(U$4," Corp","@ANDE Corp"),"PX_LAST",$C50,$C50,"days=all","dts=h","fill=0","QtTyp=P")} -> 947.42815 | V50: {=_xll.BDH(SUBSTITUTE(V$4," Corp","@ANDE Corp"),"PX_LAST",$C50,$C50,"days=all","dts=h","fill=0","QtTyp=P")} -> 816.65518 | W50: {=_xll.BDH(SUBSTITUTE(W$4," Corp","@ANDE Corp"),"PX_LAST",$C50,$C50,"days=all","dts=h","fill=0","QtTyp=P")} -> 921.40133 | X50: {=_xll.BDH(SUBSTITUTE(X$4," Corp","@ANDE Corp"),"PX_LAST",$C50,$C50,"days=all","dts=h","fill=0","QtTyp=P")} -> 769.62368 | Y50: {=_xll.BDH(SUBSTITUTE(Y$4," Corp","@ANDE Corp"),"PX_LAST",$C50,$C50,"days=all","dts=h","fill=0","QtTyp=P")} -> 999.58888 | Z50: {=_xll.BDH(SUBSTITUTE(Z$4," Corp","@ANDE Corp"),"PX_LAST",$C50,$C50,"days=all","dts=h","fill=0","QtTyp=P")} -> 726.11136 | AA50: {=_xll.BDH(SUBSTITUTE(AA$4," Corp","@ANDE Corp"),"PX_LAST",$C50,$C50,"days=all","dts=h","fill=0","QtTyp=P")} -> 842.15066 | AB50: {=_xll.BDH(SUBSTITUTE(AB$4," Corp","@ANDE Corp"),"PX_LAST",$C50,$C50,"days=all","dts=h","fill=0","QtTyp=P")} -> 684.879 | ... AE50: {=_xll.BDH(SUBSTITUTE(AE$4," Corp","@ANDE Corp"),"PX_LAST",$C50,$C50,"days=all","dts=h","fill=0","QtTyp=P")} -> 645.89996 | AF50: 0 | AG50: 0 | AH50: 0 | AI50: 0 | AJ50: 0 | AK50: {=_xll.BDH(SUBSTITUTE(AK$4," Corp","@ANDE Corp"),"PX_LAST",$C50,$C50,"days=all","dts=h","fill=0","QtTyp=P")} -> 981.2381 | AL50: 0 | AM50: 0 | AN50: {=_xll.BDH(SUBSTITUTE(AN$4," Corp","@ANDE Corp"),"PX_LAST",$C50,$C50,"days=all","dts=h","fill=0","QtTyp=P")} -> 930.84008 | AO50: {=_xll.BDH(SUBSTITUTE(AO$4," Corp","@ANDE Corp"),"PX_LAST",$C50,$C50,"days=all","dts=h","fill=0","QtTyp=P")} -> 1020.4572 | AP50: {=_xll.BDH(SUBSTITUTE(AP$4," Corp","@ANDE Corp"),"PX_LAST",$C50,$C50,"days=all","dts=h","fill=0","QtTyp=P")} -> 966.32901 | AQ50: {=_xll.BDH(SUBSTITUTE(AQ$4," Corp","@ANDE Corp"),"PX_LAST",$C50,$C50,"days=all","dts=h","fill=0","QtTyp=P")} -> 913.89417 | AR50: {=_xll.BDH(SUBSTITUTE(AR$4," Corp","@ANDE Corp"),"PX_LAST",$C50,$C50,"days=all","dts=h","fill=0","QtTyp=P")} -> 952.91703 | AS50: {=_xll.BDH(SUBSTITUTE(AS$4," Corp","@ANDE Corp"),"PX_LAST",$C50,$C50,"days=all","dts=h","fill=0","QtTyp=P")} -> 898.55149
C51: 41943 | D51: 0 | E51: 0 | F51: 0 | G51: 0 | H51: 0 | I51: 0 | J51: 0 | K51: 0 | L51: {=_xll.BDH(SUBSTITUTE(L$4," Corp","@ANDE Corp"),"PX_LAST",$C51,$C51,"days=all","dts=h","fill=0","QtTyp=P")} -> 981.86818 | M51: 0 | N51: 0 | O51: 0 | P51: 0 | Q51: 0 | R51: {=_xll.BDH(SUBSTITUTE(R$4," Corp","@ANDE Corp"),"PX_LAST",$C51,$C51,"days=all","dts=h","fill=0","QtTyp=P")} -> 873.95886 | S51: 0 | T51: 0 | U51: {=_xll.BDH(SUBSTITUTE(U$4," Corp","@ANDE Corp"),"PX_LAST",$C51,$C51,"days=all","dts=h","fill=0","QtTyp=P")} -> 955.37631 | V51: {=_xll.BDH(SUBSTITUTE(V$4," Corp","@ANDE Corp"),"PX_LAST",$C51,$C51,"days=all","dts=h","fill=0","QtTyp=P")} -> 824.13856 | W51: {=_xll.BDH(SUBSTITUTE(W$4," Corp","@ANDE Corp"),"PX_LAST",$C51,$C51,"days=all","dts=h","fill=0","QtTyp=P")} -> 928.74952 | X51: {=_xll.BDH(SUBSTITUTE(X$4," Corp","@ANDE Corp"),"PX_LAST",$C51,$C51,"days=all","dts=h","fill=0","QtTyp=P")} -> 777.65234 | Y51: 0 | Z51: {=_xll.BDH(SUBSTITUTE(Z$4," Corp","@ANDE Corp"),"PX_LAST",$C51,$C51,"days=all","dts=h","fill=0","QtTyp=P")} -> 734.236 | AA51: {=_xll.BDH(SUBSTITUTE(AA$4," Corp","@ANDE Corp"),"PX_LAST",$C51,$C51,"days=all","dts=h","fill=0","QtTyp=P")} -> 848.78729 | AB51: {=_xll.BDH(SUBSTITUTE(AB$4," Corp","@ANDE Corp"),"PX_LAST",$C51,$C51,"days=all","dts=h","fill=0","QtTyp=P")} -> 693.37938 | AC51: {=_xll.BDH(SUBSTITUTE(AC$4," Corp","@ANDE Corp"),"PX_LAST",$C51,$C51,"days=all","dts=h","fill=0","QtTyp=P")} -> 900.25877 | AD51: {=_xll.BDH(SUBSTITUTE(AD$4," Corp","@ANDE Corp"),"PX_LAST",$C51,$C51,"days=all","dts=h","fill=0","QtTyp=P")} -> 799.19327 | AE51: {=_xll.BDH(SUBSTITUTE(AE$4," Corp","@ANDE Corp"),"PX_LAST",$C51,$C51,"days=all","dts=h","fill=0","QtTyp=P")} -> 655.44213 | AF51: 0 | AG51: 0 | AH51: 0 | AI51: 0 | AJ51: 0 | AK51: {=_xll.BDH(SUBSTITUTE(AK$4," Corp","@ANDE Corp"),"PX_LAST",$C51,$C51,"days=all","dts=h","fill=0","QtTyp=P")} -> 991.39517 | AL51: 0 | AM51: 0 | AN51: {=_xll.BDH(SUBSTITUTE(AN$4," Corp","@ANDE Corp"),"PX_LAST",$C51,$C51,"days=all","dts=h","fill=0","QtTyp=P")} -> 948.47912 | AO51: {=_xll.BDH(SUBSTITUTE(AO$4," Corp","@ANDE Corp"),"PX_LAST",$C51,$C51,"days=all","dts=h","fill=0","QtTyp=P")} -> 1029.7276 | AP51: {=_xll.BDH(SUBSTITUTE(AP$4," Corp","@ANDE Corp"),"PX_LAST",$C51,$C51,"days=all","dts=h","fill=0","QtTyp=P")} -> 977.72691 | AQ51: {=_xll.BDH(SUBSTITUTE(AQ$4," Corp","@ANDE Corp"),"PX_LAST",$C51,$C51,"days=all","dts=h","fill=0","QtTyp=P")} -> 932.76733 | AR51: {=_xll.BDH(SUBSTITUTE(AR$4," Corp","@ANDE Corp"),"PX_LAST",$C51,$C51,"days=all","dts=h","fill=0","QtTyp=P")} -> 967.59089 | AS51: {=_xll.BDH(SUBSTITUTE(AS$4," Corp","@ANDE Corp"),"PX_LAST",$C51,$C51,"days=all","dts=h","fill=0","QtTyp=P")} -> 920.69533
C52: 41971 | D52: 0 | E52: 0 | F52: 0 | G52: 0 | H52: 0 | I52: 0 | J52: 0 | K52: 0 | L52: {=_xll.BDH(SUBSTITUTE(L$4," Corp","@ANDE Corp"),"PX_LAST",$C52,$C52,"days=all","dts=h","fill=0","QtTyp=P")} -> 990.05614 | M52: 0 | N52: 0 | O52: 0 | P52: 0 | Q52: 0 | R52: {=_xll.BDH(SUBSTITUTE(R$4," Corp","@ANDE Corp"),"PX_LAST",$C52,$C52,"days=all","dts=h","fill=0","QtTyp=P")} -> 880.0552 | S52: 0 | T52: 0 | U52: {=_xll.BDH(SUBSTITUTE(U$4," Corp","@ANDE Corp"),"PX_LAST",$C52,$C52,"days=all","dts=h","fill=0","QtTyp=P")} -> 962.90174 | V52: {=_xll.BDH(SUBSTITUTE(V$4," Corp","@ANDE Corp"),"PX_LAST",$C52,$C52,"days=all","dts=h","fill=0","QtTyp=P")} -> 831.16451 | W52: {=_xll.BDH(SUBSTITUTE(W$4," Corp","@ANDE Corp"),"PX_LAST",$C52,$C52,"days=all","dts=h","fill=0","QtTyp=P")} -> 935.69447 | X52: {=_xll.BDH(SUBSTITUTE(X$4," Corp","@ANDE Corp"),"PX_LAST",$C52,$C52,"days=all","dts=h","fill=0","QtTyp=P")} -> 786.38679 | Y52: 0 | Z52: {=_xll.BDH(SUBSTITUTE(Z$4," Corp","@ANDE Corp"),"PX_LAST",$C52,$C52,"days=all","dts=h","fill=0","QtTyp=P")} -> 745.08127 | AA52: {=_xll.BDH(SUBSTITUTE(AA$4," Corp","@ANDE Corp"),"PX_LAST",$C52,$C52,"days=all","dts=h","fill=0","QtTyp=P")} -> 855.1564 | AB52: {=_xll.BDH(SUBSTITUTE(AB$4," Corp","@ANDE Corp"),"PX_LAST",$C52,$C52,"days=all","dts=h","fill=0","QtTyp=P")} -> 705.46434 | AC52: {=_xll.BDH(SUBSTITUTE(AC$4," Corp","@ANDE Corp"),"PX_LAST",$C52,$C52,"days=all","dts=h","fill=0","QtTyp=P")} -> 906.72959 | AD52: {=_xll.BDH(SUBSTITUTE(AD$4," Corp","@ANDE Corp"),"PX_LAST",$C52,$C52,"days=all","dts=h","fill=0","QtTyp=P")} -> 807.29952 | AE52: {=_xll.BDH(SUBSTITUTE(AE$4," Corp","@ANDE Corp"),"PX_LAST",$C52,$C52,"days=all","dts=h","fill=0","QtTyp=P")} -> 666.64376 | AF52: 0 | AG52: 0 | AH52: 0 | AI52: 0 | AJ52: 0 | AK52: {=_xll.BDH(SUBSTITUTE(AK$4," Corp","@ANDE Corp"),"PX_LAST",$C52,$C52,"days=all","dts=h","fill=0","QtTyp=P")} -> 1002.2994 | AL52: 0 | AM52: 0 | AN52: {=_xll.BDH(SUBSTITUTE(AN$4," Corp","@ANDE Corp"),"PX_LAST",$C52,$C52,"days=all","dts=h","fill=0","QtTyp=P")} -> 965.66337 | AO52: {=_xll.BDH(SUBSTITUTE(AO$4," Corp","@ANDE Corp"),"PX_LAST",$C52,$C52,"days=all","dts=h","fill=0","QtTyp=P")} -> 1038.3962 | AP52: {=_xll.BDH(SUBSTITUTE(AP$4," Corp","@ANDE Corp"),"PX_LAST",$C52,$C52,"days=all","dts=h","fill=0","QtTyp=P")} -> 993.14471 | AQ52: {=_xll.BDH(SUBSTITUTE(AQ$4," Corp","@ANDE Corp"),"PX_LAST",$C52,$C52,"days=all","dts=h","fill=0","QtTyp=P")} -> 954.89893 | AR52: {=_xll.BDH(SUBSTITUTE(AR$4," Corp","@ANDE Corp"),"PX_LAST",$C52,$C52,"days=all","dts=h","fill=0","QtTyp=P")} -> 983.56944 | AS52: {=_xll.BDH(SUBSTITUTE(AS$4," Corp","@ANDE Corp"),"PX_LAST",$C52,$C52,"days=all","dts=h","fill=0","QtTyp=P")} -> 942.37856
C53: 42003 | D53: 0 | E53: 0 | F53: 0 | G53: 0 | H53: 0 | I53: 0 | J53: 0 | K53: 0 | L53: {=_xll.BDH(SUBSTITUTE(L$4," Corp","@ANDE Corp"),"PX_LAST",$C53,$C53,"days=all","dts=h","fill=0","QtTyp=P")} -> 999.1226 | M53: 0 | N53: 0 | O53: 0 | P53: 0 | Q53: 0 | R53: {=_xll.BDH(SUBSTITUTE(R$4," Corp","@ANDE Corp"),"PX_LAST",$C53,$C53,"days=all","dts=h","fill=0","QtTyp=P")} -> 884.79758 | S53: 0 | T53: 0 | U53: {=_xll.BDH(SUBSTITUTE(U$4," Corp","@ANDE Corp"),"PX_LAST",$C53,$C53,"days=all","dts=h","fill=0","QtTyp=P")} -> 971.39481 | V53: {=_xll.BDH(SUBSTITUTE(V$4," Corp","@ANDE Corp"),"PX_LAST",$C53,$C53,"days=all","dts=h","fill=0","QtTyp=P")} -> 832.2842 | W53: {=_xll.BDH(SUBSTITUTE(W$4," Corp","@ANDE Corp"),"PX_LAST",$C53,$C53,"days=all","dts=h","fill=0","QtTyp=P")} -> 942.98987 | X53: {=_xll.BDH(SUBSTITUTE(X$4," Corp","@ANDE Corp"),"PX_LAST",$C53,$C53,"days=all","dts=h","fill=0","QtTyp=P")} -> 783.91288 | Y53: 0 | Z53: {=_xll.BDH(SUBSTITUTE(Z$4," Corp","@ANDE Corp"),"PX_LAST",$C53,$C53,"days=all","dts=h","fill=0","QtTyp=P")} -> 738.7805 | AA53: {=_xll.BDH(SUBSTITUTE(AA$4," Corp","@ANDE Corp"),"PX_LAST",$C53,$C53,"days=all","dts=h","fill=0","QtTyp=P")} -> 858.45058 | AB53: {=_xll.BDH(SUBSTITUTE(AB$4," Corp","@ANDE Corp"),"PX_LAST",$C53,$C53,"days=all","dts=h","fill=0","QtTyp=P")} -> 697.51167 | AC53: {=_xll.BDH(SUBSTITUTE(AC$4," Corp","@ANDE Corp"),"PX_LAST",$C53,$C53,"days=all","dts=h","fill=0","QtTyp=P")} -> 912.86865 | AD53: {=_xll.BDH(SUBSTITUTE(AD$4," Corp","@ANDE Corp"),"PX_LAST",$C53,$C53,"days=all","dts=h","fill=0","QtTyp=P")} -> 806.63866 | AE53: {=_xll.BDH(SUBSTITUTE(AE$4," Corp","@ANDE Corp"),"PX_LAST",$C53,$C53,"days=all","dts=h","fill=0","QtTyp=P")} -> 657.71103 | AF53: 0 | AG53: 0 | AH53: 0 | AI53: 0 | AJ53: 0 | AK53: {=_xll.BDH(SUBSTITUTE(AK$4," Corp","@ANDE Corp"),"PX_LAST",$C53,$C53,"days=all","dts=h","fill=0","QtTyp=P")} -> 1000.5546 | AL53: 0 | AM53: 0 | AN53: {=_xll.BDH(SUBSTITUTE(AN$4," Corp","@ANDE Corp"),"PX_LAST",$C53,$C53,"days=all","dts=h","fill=0","QtTyp=P")} -> 951.51481 | AO53: {=_xll.BDH(SUBSTITUTE(AO$4," Corp","@ANDE Corp"),"PX_LAST",$C53,$C53,"days=all","dts=h","fill=0","QtTyp=P")} -> 1047.8903 | AP53: {=_xll.BDH(SUBSTITUTE(AP$4," Corp","@ANDE Corp"),"PX_LAST",$C53,$C53,"days=all","dts=h","fill=0","QtTyp=P")} -> 985.09721 | AQ53: {=_xll.BDH(SUBSTITUTE(AQ$4," Corp","@ANDE Corp"),"PX_LAST",$C53,$C53,"days=all","dts=h","fill=0","QtTyp=P")} -> 935.11634 | AR53: {=_xll.BDH(SUBSTITUTE(AR$4," Corp","@ANDE Corp"),"PX_LAST",$C53,$C53,"days=all","dts=h","fill=0","QtTyp=P")} -> 972.76682 | AS53: {=_xll.BDH(SUBSTITUTE(AS$4," Corp","@ANDE Corp"),"PX_LAST",$C53,$C53,"days=all","dts=h","fill=0","QtTyp=P")} -> 924.40407
C54: 42034 | D54: 0 | E54: 0 | F54: 0 | G54: 0 | H54: 0 | I54: 0 | J54: 0 | K54: 0 | L54: 0 | M54: 0 | N54: 0 | O54: 0 | P54: 0 | Q54: 0 | R54: {=_xll.BDH(SUBSTITUTE(R$4," Corp","@ANDE Corp"),"PX_LAST",$C54,$C54,"days=all","dts=h","fill=0","QtTyp=P")} -> 896.03442 | S54: 0 | T54: 0 | U54: {=_xll.BDH(SUBSTITUTE(U$4," Corp","@ANDE Corp"),"PX_LAST",$C54,$C54,"days=all","dts=h","fill=0","QtTyp=P")} -> 981.18827 | V54: {=_xll.BDH(SUBSTITUTE(V$4," Corp","@ANDE Corp"),"PX_LAST",$C54,$C54,"days=all","dts=h","fill=0","QtTyp=P")} -> 844.8497 | W54: {=_xll.BDH(SUBSTITUTE(W$4," Corp","@ANDE Corp"),"PX_LAST",$C54,$C54,"days=all","dts=h","fill=0","QtTyp=P")} -> 953.25347 | X54: {=_xll.BDH(SUBSTITUTE(X$4," Corp","@ANDE Corp"),"PX_LAST",$C54,$C54,"days=all","dts=h","fill=0","QtTyp=P")} -> 798.37865 | Y54: 0 | Z54: {=_xll.BDH(SUBSTITUTE(Z$4," Corp","@ANDE Corp"),"PX_LAST",$C54,$C54,"days=all","dts=h","fill=0","QtTyp=P")} -> 755.21799 | AA54: {=_xll.BDH(SUBSTITUTE(AA$4," Corp","@ANDE Corp"),"PX_LAST",$C54,$C54,"days=all","dts=h","fill=0","QtTyp=P")} -> 870.27826 | AB54: {=_xll.BDH(SUBSTITUTE(AB$4," Corp","@ANDE Corp"),"PX_LAST",$C54,$C54,"days=all","dts=h","fill=0","QtTyp=P")} -> 714.68314 | AC54: {=_xll.BDH(SUBSTITUTE(AC$4," Corp","@ANDE Corp"),"PX_LAST",$C54,$C54,"days=all","dts=h","fill=0","QtTyp=P")} -> 923.55106 | AD54: {=_xll.BDH(SUBSTITUTE(AD$4," Corp","@ANDE Corp"),"PX_LAST",$C54,$C54,"days=all","dts=h","fill=0","QtTyp=P")} -> 820.36987 | AE54: {=_xll.BDH(SUBSTITUTE(AE$4," Corp","@ANDE Corp"),"PX_LAST",$C54,$C54,"days=all","dts=h","fill=0","QtTyp=P")} -> 675.44867 | AF54: {=_xll.BDH(SUBSTITUTE(AF$4," Corp","@ANDE Corp"),"PX_LAST",$C54,$C54,"days=all","dts=h","fill=0","QtTyp=P")} -> 638.24047 | AG54: 0 | AH54: 0 | AI54: 0 | AJ54: 0 | AK54: {=_xll.BDH(SUBSTITUTE(AK$4," Corp","@ANDE Corp"),"PX_LAST",$C54,$C54,"days=all","dts=h","fill=0","QtTyp=P")} -> 969.00781 | AL54: 0 | AM54: 0 | AN54: {=_xll.BDH(SUBSTITUTE(AN$4," Corp","@ANDE Corp"),"PX_LAST",$C54,$C54,"days=all","dts=h","fill=0","QtTyp=P")} -> 928.78603 | AO54: 0 | AP54: {=_xll.BDH(SUBSTITUTE(AP$4," Corp","@ANDE Corp"),"PX_LAST",$C54,$C54,"days=all","dts=h","fill=0","QtTyp=P")} -> 958.00321 | AQ54: {=_xll.BDH(SUBSTITUTE(AQ$4," Corp","@ANDE Corp"),"PX_LAST",$C54,$C54,"days=all","dts=h","fill=0","QtTyp=P")} -> 914.86275 | AR54: {=_xll.BDH(SUBSTITUTE(AR$4," Corp","@ANDE Corp"),"PX_LAST",$C54,$C54,"days=all","dts=h","fill=0","QtTyp=P")} -> 946.82996 | AS54: {=_xll.BDH(SUBSTITUTE(AS$4," Corp","@ANDE Corp"),"PX_LAST",$C54,$C54,"days=all","dts=h","fill=0","QtTyp=P")} -> 903.82866
C55: 42062 | D55: 0 | E55: 0 | F55: 0 | G55: 0 | H55: 0 | I55: 0 | J55: 0 | K55: 0 | L55: 0 | M55: 0 | N55: 0 | O55: 0 | P55: 0 | Q55: 0 | R55: {=_xll.BDH(SUBSTITUTE(R$4," Corp","@ANDE Corp"),"PX_LAST",$C55,$C55,"days=all","dts=h","fill=0","QtTyp=P")} -> 901.88362 | S55: 0 | T55: 0 | U55: {=_xll.BDH(SUBSTITUTE(U$4," Corp","@ANDE Corp"),"PX_LAST",$C55,$C55,"days=all","dts=h","fill=0","QtTyp=P")} -> 989.24648 | V55: {=_xll.BDH(SUBSTITUTE(V$4," Corp","@ANDE Corp"),"PX_LAST",$C55,$C55,"days=all","dts=h","fill=0","QtTyp=P")} -> 849.47149 | W55: {=_xll.BDH(SUBSTITUTE(W$4," Corp","@ANDE Corp"),"PX_LAST",$C55,$C55,"days=all","dts=h","fill=0","QtTyp=P")} -> 960.61676 | X55: {=_xll.BDH(SUBSTITUTE(X$4," Corp","@ANDE Corp"),"PX_LAST",$C55,$C55,"days=all","dts=h","fill=0","QtTyp=P")} -> 801.08668 | Y55: 0 | Z55: {=_xll.BDH(SUBSTITUTE(Z$4," Corp","@ANDE Corp"),"PX_LAST",$C55,$C55,"days=all","dts=h","fill=0","QtTyp=P")} -> 756.57952 | AA55: {=_xll.BDH(SUBSTITUTE(AA$4," Corp","@ANDE Corp"),"PX_LAST",$C55,$C55,"days=all","dts=h","fill=0","QtTyp=P")} -> 875.07224 | AB55: {=_xll.BDH(SUBSTITUTE(AB$4," Corp","@ANDE Corp"),"PX_LAST",$C55,$C55,"days=all","dts=h","fill=0","QtTyp=P")} -> 715.13487 | AC55: {=_xll.BDH(SUBSTITUTE(AC$4," Corp","@ANDE Corp"),"PX_LAST",$C55,$C55,"days=all","dts=h","fill=0","QtTyp=P")} -> 930.30511 | AD55: {=_xll.BDH(SUBSTITUTE(AD$4," Corp","@ANDE Corp"),"PX_LAST",$C55,$C55,"days=all","dts=h","fill=0","QtTyp=P")} -> 824.02736 | AE55: {=_xll.BDH(SUBSTITUTE(AE$4," Corp","@ANDE Corp"),"PX_LAST",$C55,$C55,"days=all","dts=h","fill=0","QtTyp=P")} -> 675.33413 | AF55: {=_xll.BDH(SUBSTITUTE(AF$4," Corp","@ANDE Corp"),"PX_LAST",$C55,$C55,"days=all","dts=h","fill=0","QtTyp=P")} -> 637.09284 | AG55: 0 | AH55: 0 | AI55: 0 | AJ55: 0 | AK55: {=_xll.BDH(SUBSTITUTE(AK$4," Corp","@ANDE Corp"),"PX_LAST",$C55,$C55,"days=all","dts=h","fill=0","QtTyp=P")} -> 972.68231 | AL55: 0 | AM55: 0 | AN55: {=_xll.BDH(SUBSTITUTE(AN$4," Corp","@ANDE Corp"),"PX_LAST",$C55,$C55,"days=all","dts=h","fill=0","QtTyp=P")} -> 924.59995 | AO55: 0 | AP55: {=_xll.BDH(SUBSTITUTE(AP$4," Corp","@ANDE Corp"),"PX_LAST",$C55,$C55,"days=all","dts=h","fill=0","QtTyp=P")} -> 959.56198 | AQ55: {=_xll.BDH(SUBSTITUTE(AQ$4," Corp","@ANDE Corp"),"PX_LAST",$C55,$C55,"days=all","dts=h","fill=0","QtTyp=P")} -> 908.70084 | AR55: {=_xll.BDH(SUBSTITUTE(AR$4," Corp","@ANDE Corp"),"PX_LAST",$C55,$C55,"days=all","dts=h","fill=0","QtTyp=P")} -> 946.10425 | AS55: {=_xll.BDH(SUBSTITUTE(AS$4," Corp","@ANDE Corp"),"PX_LAST",$C55,$C55,"days=all","dts=h","fill=0","QtTyp=P")} -> 892.92845
C56: 42094 | D56: 0 | E56: 0 | F56: 0 | G56: 0 | H56: 0 | I56: 0 | J56: 0 | K56: 0 | L56: 0 | M56: 0 | N56: 0 | O56: 0 | P56: 0 | Q56: 0 | R56: {=_xll.BDH(SUBSTITUTE(R$4," Corp","@ANDE Corp"),"PX_LAST",$C56,$C56,"days=all","dts=h","fill=0","QtTyp=P")} -> 909.11139 | S56: 0 | T56: 0 | U56: {=_xll.BDH(SUBSTITUTE(U$4," Corp","@ANDE Corp"),"PX_LAST",$C56,$C56,"days=all","dts=h","fill=0","QtTyp=P")} -> 999.52538 | V56: {=_xll.BDH(SUBSTITUTE(V$4," Corp","@ANDE Corp"),"PX_LAST",$C56,$C56,"days=all","dts=h","fill=0","QtTyp=P")} -> 853.69409 | W56: {=_xll.BDH(SUBSTITUTE(W$4," Corp","@ANDE Corp"),"PX_LAST",$C56,$C56,"days=all","dts=h","fill=0","QtTyp=P")} -> 970.48933 | X56: {=_xll.BDH(SUBSTITUTE(X$4," Corp","@ANDE Corp"),"PX_LAST",$C56,$C56,"days=all","dts=h","fill=0","QtTyp=P")} -> 802.46076 | Y56: 0 | Z56: {=_xll.BDH(SUBSTITUTE(Z$4," Corp","@ANDE Corp"),"PX_LAST",$C56,$C56,"days=all","dts=h","fill=0","QtTyp=P")} -> 755.02319 | AA56: {=_xll.BDH(SUBSTITUTE(AA$4," Corp","@ANDE Corp"),"PX_LAST",$C56,$C56,"days=all","dts=h","fill=0","QtTyp=P")} -> 881.35394 | AB56: {=_xll.BDH(SUBSTITUTE(AB$4," Corp","@ANDE Corp"),"PX_LAST",$C56,$C56,"days=all","dts=h","fill=0","QtTyp=P")} -> 711.69074 | AC56: {=_xll.BDH(SUBSTITUTE(AC$4," Corp","@ANDE Corp"),"PX_LAST",$C56,$C56,"days=all","dts=h","fill=0","QtTyp=P")} -> 938.81963 | AD56: {=_xll.BDH(SUBSTITUTE(AD$4," Corp","@ANDE Corp"),"PX_LAST",$C56,$C56,"days=all","dts=h","fill=0","QtTyp=P")} -> 826.66253 | AE56: {=_xll.BDH(SUBSTITUTE(AE$4," Corp","@ANDE Corp"),"PX_LAST",$C56,$C56,"days=all","dts=h","fill=0","QtTyp=P")} -> 669.84345 | AF56: {=_xll.BDH(SUBSTITUTE(AF$4," Corp","@ANDE Corp"),"PX_LAST",$C56,$C56,"days=all","dts=h","fill=0","QtTyp=P")} -> 630.22192 | AG56: 0 | AH56: 0 | AI56: 0 | AJ56: 0 | AK56: {=_xll.BDH(SUBSTITUTE(AK$4," Corp","@ANDE Corp"),"PX_LAST",$C56,$C56,"days=all","dts=h","fill=0","QtTyp=P")} -> 974.87114 | AL56: 0 | AM56: 0 | AN56: {=_xll.BDH(SUBSTITUTE(AN$4," Corp","@ANDE Corp"),"PX_LAST",$C56,$C56,"days=all","dts=h","fill=0","QtTyp=P")} -> 910.32953 | AO56: 0 | AP56: {=_xll.BDH(SUBSTITUTE(AP$4," Corp","@ANDE Corp"),"PX_LAST",$C56,$C56,"days=all","dts=h","fill=0","QtTyp=P")} -> 956.29662 | AQ56: {=_xll.BDH(SUBSTITUTE(AQ$4," Corp","@ANDE Corp"),"PX_LAST",$C56,$C56,"days=all","dts=h","fill=0","QtTyp=P")} -> 887.25879 | AR56: {=_xll.BDH(SUBSTITUTE(AR$4," Corp","@ANDE Corp"),"PX_LAST",$C56,$C56,"days=all","dts=h","fill=0","QtTyp=P")} -> 938.94718 | AS56: {=_xll.BDH(SUBSTITUTE(AS$4," Corp","@ANDE Corp"),"PX_LAST",$C56,$C56,"days=all","dts=h","fill=0","QtTyp=P")} -> 867.94766
C57: 42124 | D57: 0 | E57: 0 | F57: 0 | G57: 0 | H57: 0 | I57: 0 | J57: 0 | K57: 0 | L57: 0 | M57: 0 | N57: 0 | O57: 0 | P57: 0 | Q57: 0 | R57: {=_xll.BDH(SUBSTITUTE(R$4," Corp","@ANDE Corp"),"PX_LAST",$C57,$C57,"days=all","dts=h","fill=0","QtTyp=P")} -> 916.99248 | S57: 0 | T57: 0 | U57: 0 | V57: {=_xll.BDH(SUBSTITUTE(V$4," Corp","@ANDE Corp"),"PX_LAST",$C57,$C57,"days=all","dts=h","fill=0","QtTyp=P")} -> 860.79421 | W57: {=_xll.BDH(SUBSTITUTE(W$4," Corp","@ANDE Corp"),"PX_LAST",$C57,$C57,"days=all","dts=h","fill=0","QtTyp=P")} -> 979.32032 | X57: {=_xll.BDH(SUBSTITUTE(X$4," Corp","@ANDE Corp"),"PX_LAST",$C57,$C57,"days=all","dts=h","fill=0","QtTyp=P")} -> 809.26246 | Y57: 0 | Z57: {=_xll.BDH(SUBSTITUTE(Z$4," Corp","@ANDE Corp"),"PX_LAST",$C57,$C57,"days=all","dts=h","fill=0","QtTyp=P")} -> 762.25392 | AA57: {=_xll.BDH(SUBSTITUTE(AA$4," Corp","@ANDE Corp"),"PX_LAST",$C57,$C57,"days=all","dts=h","fill=0","QtTyp=P")} -> 888.75972 | AB57: {=_xll.BDH(SUBSTITUTE(AB$4," Corp","@ANDE Corp"),"PX_LAST",$C57,$C57,"days=all","dts=h","fill=0","QtTyp=P")} -> 718.97277 | AC57: {=_xll.BDH(SUBSTITUTE(AC$4," Corp","@ANDE Corp"),"PX_LAST",$C57,$C57,"days=all","dts=h","fill=0","QtTyp=P")} -> 947.27722 | AD57: {=_xll.BDH(SUBSTITUTE(AD$4," Corp","@ANDE Corp"),"PX_LAST",$C57,$C57,"days=all","dts=h","fill=0","QtTyp=P")} -> 833.52864 | AE57: {=_xll.BDH(SUBSTITUTE(AE$4," Corp","@ANDE Corp"),"PX_LAST",$C57,$C57,"days=all","dts=h","fill=0","QtTyp=P")} -> 677.54147 | AF57: {=_xll.BDH(SUBSTITUTE(AF$4," Corp","@ANDE Corp"),"PX_LAST",$C57,$C57,"days=all","dts=h","fill=0","QtTyp=P")} -> 638.71275 | AG57: 0 | AH57: 0 | AI57: 0 | AJ57: 0 | AK57: {=_xll.BDH(SUBSTITUTE(AK$4," Corp","@ANDE Corp"),"PX_LAST",$C57,$C57,"days=all","dts=h","fill=0","QtTyp=P")} -> 983.40126 | AL57: 0 | AM57: 0 | AN57: {=_xll.BDH(SUBSTITUTE(AN$4," Corp","@ANDE Corp"),"PX_LAST",$C57,$C57,"days=all","dts=h","fill=0","QtTyp=P")} -> 926.6309 | AO57: 0 | AP57: {=_xll.BDH(SUBSTITUTE(AP$4," Corp","@ANDE Corp"),"PX_LAST",$C57,$C57,"days=all","dts=h","fill=0","QtTyp=P")} -> 966.45137 | AQ57: {=_xll.BDH(SUBSTITUTE(AQ$4," Corp","@ANDE Corp"),"PX_LAST",$C57,$C57,"days=all","dts=h","fill=0","QtTyp=P")} -> 905.17618 | AR57: {=_xll.BDH(SUBSTITUTE(AR$4," Corp","@ANDE Corp"),"PX_LAST",$C57,$C57,"days=all","dts=h","fill=0","QtTyp=P")} -> 951.86839 | AS57: {=_xll.BDH(SUBSTITUTE(AS$4," Corp","@ANDE Corp"),"PX_LAST",$C57,$C57,"days=all","dts=h","fill=0","QtTyp=P")} -> 888.22786
C58: 42153 | D58: 0 | E58: 0 | F58: 0 | G58: 0 | H58: 0 | I58: 0 | J58: 0 | K58: 0 | L58: 0 | M58: 0 | N58: 0 | O58: 0 | P58: 0 | Q58: 0 | R58: {=_xll.BDH(SUBSTITUTE(R$4," Corp","@ANDE Corp"),"PX_LAST",$C58,$C58,"days=all","dts=h","fill=0","QtTyp=P")} -> 925.72029 | S58: 0 | T58: 0 | U58: 0 | V58: {=_xll.BDH(SUBSTITUTE(V$4," Corp","@ANDE Corp"),"PX_LAST",$C58,$C58,"days=all","dts=h","fill=0","QtTyp=P")} -> 869.45474 | W58: {=_xll.BDH(SUBSTITUTE(W$4," Corp","@ANDE Corp"),"PX_LAST",$C58,$C58,"days=all","dts=h","fill=0","QtTyp=P")} -> 988.94535 | X58: {=_xll.BDH(SUBSTITUTE(X$4," Corp","@ANDE Corp"),"PX_LAST",$C58,$C58,"days=all","dts=h","fill=0","QtTyp=P")} -> 819.50093 | Y58: 0 | Z58: {=_xll.BDH(SUBSTITUTE(Z$4," Corp","@ANDE Corp"),"PX_LAST",$C58,$C58,"days=all","dts=h","fill=0","QtTyp=P")} -> 774.06598 | AA58: {=_xll.BDH(SUBSTITUTE(AA$4," Corp","@ANDE Corp"),"PX_LAST",$C58,$C58,"days=all","dts=h","fill=0","QtTyp=P")} -> 897.04926 | AB58: {=_xll.BDH(SUBSTITUTE(AB$4," Corp","@ANDE Corp"),"PX_LAST",$C58,$C58,"days=all","dts=h","fill=0","QtTyp=P")} -> 732.5335 | AC58: {=_xll.BDH(SUBSTITUTE(AC$4," Corp","@ANDE Corp"),"PX_LAST",$C58,$C58,"days=all","dts=h","fill=0","QtTyp=P")} -> 956.36603 | AD58: {=_xll.BDH(SUBSTITUTE(AD$4," Corp","@ANDE Corp"),"PX_LAST",$C58,$C58,"days=all","dts=h","fill=0","QtTyp=P")} -> 842.82322 | AE58: {=_xll.BDH(SUBSTITUTE(AE$4," Corp","@ANDE Corp"),"PX_LAST",$C58,$C58,"days=all","dts=h","fill=0","QtTyp=P")} -> 691.90622 | AF58: {=_xll.BDH(SUBSTITUTE(AF$4," Corp","@ANDE Corp"),"PX_LAST",$C58,$C58,"days=all","dts=h","fill=0","QtTyp=P")} -> 653.70743 | AG58: 0 | AH58: 0 | AI58: 0 | AJ58: 0 | AK58: {=_xll.BDH(SUBSTITUTE(AK$4," Corp","@ANDE Corp"),"PX_LAST",$C58,$C58,"days=all","dts=h","fill=0","QtTyp=P")} -> 995.63069 | AL58: 0 | AM58: 0 | AN58: {=_xll.BDH(SUBSTITUTE(AN$4," Corp","@ANDE Corp"),"PX_LAST",$C58,$C58,"days=all","dts=h","fill=0","QtTyp=P")} -> 951.40704 | AO58: 0 | AP58: {=_xll.BDH(SUBSTITUTE(AP$4," Corp","@ANDE Corp"),"PX_LAST",$C58,$C58,"days=all","dts=h","fill=0","QtTyp=P")} -> 983.36615 | AQ58: {=_xll.BDH(SUBSTITUTE(AQ$4," Corp","@ANDE Corp"),"PX_LAST",$C58,$C58,"days=all","dts=h","fill=0","QtTyp=P")} -> 934.77483 | AR58: {=_xll.BDH(SUBSTITUTE(AR$4," Corp","@ANDE Corp"),"PX_LAST",$C58,$C58,"days=all","dts=h","fill=0","QtTyp=P")} -> 972.04701 | AS58: {=_xll.BDH(SUBSTITUTE(AS$4," Corp","@ANDE Corp"),"PX_LAST",$C58,$C58,"days=all","dts=h","fill=0","QtTyp=P")} -> 922.96737
C59: 42185 | D59: 0 | E59: 0 | F59: 0 | G59: 0 | H59: 0 | I59: 0 | J59: 0 | K59: 0 | L59: 0 | M59: 0 | N59: 0 | O59: 0 | P59: 0 | Q59: 0 | R59: {=_xll.BDH(SUBSTITUTE(R$4," Corp","@ANDE Corp"),"PX_LAST",$C59,$C59,"days=all","dts=h","fill=0","QtTyp=P")} -> 934.07839 | S59: 0 | T59: 0 | U59: 0 | V59: {=_xll.BDH(SUBSTITUTE(V$4," Corp","@ANDE Corp"),"PX_LAST",$C59,$C59,"days=all","dts=h","fill=0","QtTyp=P")} -> 874.50892 | W59: {=_xll.BDH(SUBSTITUTE(W$4," Corp","@ANDE Corp"),"PX_LAST",$C59,$C59,"days=all","dts=h","fill=0","QtTyp=P")} -> 999.49081 | X59: {=_xll.BDH(SUBSTITUTE(X$4," Corp","@ANDE Corp"),"PX_LAST",$C59,$C59,"days=all","dts=h","fill=0","QtTyp=P")} -> 821.20787 | Y59: 0 | Z59: {=_xll.BDH(SUBSTITUTE(Z$4," Corp","@ANDE Corp"),"PX_LAST",$C59,$C59,"days=all","dts=h","fill=0","QtTyp=P")} -> 774.35725 | AA59: {=_xll.BDH(SUBSTITUTE(AA$4," Corp","@ANDE Corp"),"PX_LAST",$C59,$C59,"days=all","dts=h","fill=0","QtTyp=P")} -> 903.95966 | AB59: {=_xll.BDH(SUBSTITUTE(AB$4," Corp","@ANDE Corp"),"PX_LAST",$C59,$C59,"days=all","dts=h","fill=0","QtTyp=P")} -> 732.54076 | AC59: {=_xll.BDH(SUBSTITUTE(AC$4," Corp","@ANDE Corp"),"PX_LAST",$C59,$C59,"days=all","dts=h","fill=0","QtTyp=P")} -> 966.09791 | AD59: {=_xll.BDH(SUBSTITUTE(AD$4," Corp","@ANDE Corp"),"PX_LAST",$C59,$C59,"days=all","dts=h","fill=0","QtTyp=P")} -> 845.82271 | AE59: {=_xll.BDH(SUBSTITUTE(AE$4," Corp","@ANDE Corp"),"PX_LAST",$C59,$C59,"days=all","dts=h","fill=0","QtTyp=P")} -> 692.04249 | AF59: {=_xll.BDH(SUBSTITUTE(AF$4," Corp","@ANDE Corp"),"PX_LAST",$C59,$C59,"days=all","dts=h","fill=0","QtTyp=P")} -> 653.52909 | AG59: 0 | AH59: 0 | AI59: 0 | AJ59: 0 | AK59: {=_xll.BDH(SUBSTITUTE(AK$4," Corp","@ANDE Corp"),"PX_LAST",$C59,$C59,"days=all","dts=h","fill=0","QtTyp=P")} -> 998.52315 | AL59: 0 | AM59: 0 | AN59: {=_xll.BDH(SUBSTITUTE(AN$4," Corp","@ANDE Corp"),"PX_LAST",$C59,$C59,"days=all","dts=h","fill=0","QtTyp=P")} -> 948.0994 | AO59: 0 | AP59: {=_xll.BDH(SUBSTITUTE(AP$4," Corp","@ANDE Corp"),"PX_LAST",$C59,$C59,"days=all","dts=h","fill=0","QtTyp=P")} -> 984.60189 | AQ59: {=_xll.BDH(SUBSTITUTE(AQ$4," Corp","@ANDE Corp"),"PX_LAST",$C59,$C59,"days=all","dts=h","fill=0","QtTyp=P")} -> 930.12299 | AR59: {=_xll.BDH(SUBSTITUTE(AR$4," Corp","@ANDE Corp"),"PX_LAST",$C59,$C59,"days=all","dts=h","fill=0","QtTyp=P")} -> 972.86487 | AS59: {=_xll.BDH(SUBSTITUTE(AS$4," Corp","@ANDE Corp"),"PX_LAST",$C59,$C59,"days=all","dts=h","fill=0","QtTyp=P")} -> 913.83916
C60: 42216 | D60: 0 | E60: 0 | F60: 0 | G60: 0 | H60: 0 | I60: 0 | J60: 0 | K60: 0 | L60: 0 | M60: 0 | N60: 0 | O60: 0 | P60: 0 | Q60: 0 | R60: {=_xll.BDH(SUBSTITUTE(R$4," Corp","@ANDE Corp"),"PX_LAST",$C60,$C60,"days=all","dts=h","fill=0","QtTyp=P")} -> 945.71183 | S60: 0 | T60: 0 | U60: 0 | V60: {=_xll.BDH(SUBSTITUTE(V$4," Corp","@ANDE Corp"),"PX_LAST",$C60,$C60,"days=all","dts=h","fill=0","QtTyp=P")} -> 887.31604 | W60: 0 | X60: {=_xll.BDH(SUBSTITUTE(X$4," Corp","@ANDE Corp"),"PX_LAST",$C60,$C60,"days=all","dts=h","fill=0","QtTyp=P")} -> 836.34874 | Y60: 0 | Z60: {=_xll.BDH(SUBSTITUTE(Z$4," Corp","@ANDE Corp"),"PX_LAST",$C60,$C60,"days=all","dts=h","fill=0","QtTyp=P")} -> 789.76222 | AA60: {=_xll.BDH(SUBSTITUTE(AA$4," Corp","@ANDE Corp"),"PX_LAST",$C60,$C60,"days=all","dts=h","fill=0","QtTyp=P")} -> 915.9531 | AB60: {=_xll.BDH(SUBSTITUTE(AB$4," Corp","@ANDE Corp"),"PX_LAST",$C60,$C60,"days=all","dts=h","fill=0","QtTyp=P")} -> 746.6167 | AC60: {=_xll.BDH(SUBSTITUTE(AC$4," Corp","@ANDE Corp"),"PX_LAST",$C60,$C60,"days=all","dts=h","fill=0","QtTyp=P")} -> 977.58772 | AD60: {=_xll.BDH(SUBSTITUTE(AD$4," Corp","@ANDE Corp"),"PX_LAST",$C60,$C60,"days=all","dts=h","fill=0","QtTyp=P")} -> 859.81988 | AE60: {=_xll.BDH(SUBSTITUTE(AE$4," Corp","@ANDE Corp"),"PX_LAST",$C60,$C60,"days=all","dts=h","fill=0","QtTyp=P")} -> 703.82759 | AF60: {=_xll.BDH(SUBSTITUTE(AF$4," Corp","@ANDE Corp"),"PX_LAST",$C60,$C60,"days=all","dts=h","fill=0","QtTyp=P")} -> 662.62916 | AG60: {=_xll.BDH(SUBSTITUTE(AG$4," Corp","@ANDE Corp"),"PX_LAST",$C60,$C60,"days=all","dts=h","fill=0","QtTyp=P")} -> 766.69892 | AH60: {=_xll.BDH(SUBSTITUTE(AH$4," Corp","@ANDE Corp"),"PX_LAST",$C60,$C60,"days=all","dts=h","fill=0","QtTyp=P")} -> 624.39596 | AI60: 0 | AJ60: 0 | AK60: {=_xll.BDH(SUBSTITUTE(AK$4," Corp","@ANDE Corp"),"PX_LAST",$C60,$C60,"days=all","dts=h","fill=0","QtTyp=P")} -> 966.86875 | AL60: 0 | AM60: 0 | AN60: {=_xll.BDH(SUBSTITUTE(AN$4," Corp","@ANDE Corp"),"PX_LAST",$C60,$C60,"days=all","dts=h","fill=0","QtTyp=P")} -> 905.65927 | AO60: 0 | AP60: {=_xll.BDH(SUBSTITUTE(AP$4," Corp","@ANDE Corp"),"PX_LAST",$C60,$C60,"days=all","dts=h","fill=0","QtTyp=P")} -> 953.00605 | AQ60: {=_xll.BDH(SUBSTITUTE(AQ$4," Corp","@ANDE Corp"),"PX_LAST",$C60,$C60,"days=all","dts=h","fill=0","QtTyp=P")} -> 879.70223 | AR60: {=_xll.BDH(SUBSTITUTE(AR$4," Corp","@ANDE Corp"),"PX_LAST",$C60,$C60,"days=all","dts=h","fill=0","QtTyp=P")} -> 936.57953 | AS60: {=_xll.BDH(SUBSTITUTE(AS$4," Corp","@ANDE Corp"),"PX_LAST",$C60,$C60,"days=all","dts=h","fill=0","QtTyp=P")} -> 858.29565
C61: 42247 | D61: 0 | E61: 0 | F61: 0 | G61: 0 | H61: 0 | I61: 0 | J61: 0 | K61: 0 | L61: 0 | M61: 0 | N61: 0 | O61: 0 | P61: 0 | Q61: 0 | R61: {=_xll.BDH(SUBSTITUTE(R$4," Corp","@ANDE Corp"),"PX_LAST",$C61,$C61,"days=all","dts=h","fill=0","QtTyp=P")} -> 955.90506 | S61: 0 | T61: 0 | U61: 0 | V61: {=_xll.BDH(SUBSTITUTE(V$4," Corp","@ANDE Corp"),"PX_LAST",$C61,$C61,"days=all","dts=h","fill=0","QtTyp=P")} -> 894.35927 | W61: 0 | X61: {=_xll.BDH(SUBSTITUTE(X$4," Corp","@ANDE Corp"),"PX_LAST",$C61,$C61,"days=all","dts=h","fill=0","QtTyp=P")} -> 837.42432 | Y61: 0 | Z61: {=_xll.BDH(SUBSTITUTE(Z$4," Corp","@ANDE Corp"),"PX_LAST",$C61,$C61,"days=all","dts=h","fill=0","QtTyp=P")} -> 784.9475 | AA61: {=_xll.BDH(SUBSTITUTE(AA$4," Corp","@ANDE Corp"),"PX_LAST",$C61,$C61,"days=all","dts=h","fill=0","QtTyp=P")} -> 924.95906 | AB61: {=_xll.BDH(SUBSTITUTE(AB$4," Corp","@ANDE Corp"),"PX_LAST",$C61,$C61,"days=all","dts=h","fill=0","QtTyp=P")} -> 735.94131 | AC61: {=_xll.BDH(SUBSTITUTE(AC$4," Corp","@ANDE Corp"),"PX_LAST",$C61,$C61,"days=all","dts=h","fill=0","QtTyp=P")} -> 988.44833 | AD61: {=_xll.BDH(SUBSTITUTE(AD$4," Corp","@ANDE Corp"),"PX_LAST",$C61,$C61,"days=all","dts=h","fill=0","QtTyp=P")} -> 864.04271 | AE61: {=_xll.BDH(SUBSTITUTE(AE$4," Corp","@ANDE Corp"),"PX_LAST",$C61,$C61,"days=all","dts=h","fill=0","QtTyp=P")} -> 688.63667 | AF61: {=_xll.BDH(SUBSTITUTE(AF$4," Corp","@ANDE Corp"),"PX_LAST",$C61,$C61,"days=all","dts=h","fill=0","QtTyp=P")} -> 644.23758 | AG61: {=_xll.BDH(SUBSTITUTE(AG$4," Corp","@ANDE Corp"),"PX_LAST",$C61,$C61,"days=all","dts=h","fill=0","QtTyp=P")} -> 759.04077 | AH61: {=_xll.BDH(SUBSTITUTE(AH$4," Corp","@ANDE Corp"),"PX_LAST",$C61,$C61,"days=all","dts=h","fill=0","QtTyp=P")} -> 602.90609 | AI61: 0 | AJ61: 0 | AK61: {=_xll.BDH(SUBSTITUTE(AK$4," Corp","@ANDE Corp"),"PX_LAST",$C61,$C61,"days=all","dts=h","fill=0","QtTyp=P")} -> 968.55134 | AL61: 0 | AM61: 0 | AN61: {=_xll.BDH(SUBSTITUTE(AN$4," Corp","@ANDE Corp"),"PX_LAST",$C61,$C61,"days=all","dts=h","fill=0","QtTyp=P")} -> 872.65397 | AO61: 0 | AP61: {=_xll.BDH(SUBSTITUTE(AP$4," Corp","@ANDE Corp"),"PX_LAST",$C61,$C61,"days=all","dts=h","fill=0","QtTyp=P")} -> 941.3742 | AQ61: {=_xll.BDH(SUBSTITUTE(AQ$4," Corp","@ANDE Corp"),"PX_LAST",$C61,$C61,"days=all","dts=h","fill=0","QtTyp=P")} -> 836.74887 | AR61: {=_xll.BDH(SUBSTITUTE(AR$4," Corp","@ANDE Corp"),"PX_LAST",$C61,$C61,"days=all","dts=h","fill=0","QtTyp=P")} -> 915.20911 | AS61: {=_xll.BDH(SUBSTITUTE(AS$4," Corp","@ANDE Corp"),"PX_LAST",$C61,$C61,"days=all","dts=h","fill=0","QtTyp=P")} -> 810.79172
C62: 42277 | D62: 0 | E62: 0 | F62: 0 | G62: 0 | H62: 0 | I62: 0 | J62: 0 | K62: 0 | L62: 0 | M62: 0 | N62: 0 | O62: 0 | P62: 0 | Q62: 0 | R62: {=_xll.BDH(SUBSTITUTE(R$4," Corp","@ANDE Corp"),"PX_LAST",$C62,$C62,"days=all","dts=h","fill=0","QtTyp=P")} -> 966.3809 | S62: 0 | T62: 0 | U62: 0 | V62: {=_xll.BDH(SUBSTITUTE(V$4," Corp","@ANDE Corp"),"PX_LAST",$C62,$C62,"days=all","dts=h","fill=0","QtTyp=P")} -> 899.12133 | W62: 0 | X62: {=_xll.BDH(SUBSTITUTE(X$4," Corp","@ANDE Corp"),"PX_LAST",$C62,$C62,"days=all","dts=h","fill=0","QtTyp=P")} -> 835.07507 | Y62: 0 | Z62: {=_xll.BDH(SUBSTITUTE(Z$4," Corp","@ANDE Corp"),"PX_LAST",$C62,$C62,"days=all","dts=h","fill=0","QtTyp=P")} -> 775.44135 | AA62: {=_xll.BDH(SUBSTITUTE(AA$4," Corp","@ANDE Corp"),"PX_LAST",$C62,$C62,"days=all","dts=h","fill=0","QtTyp=P")} -> 932.90263 | AB62: {=_xll.BDH(SUBSTITUTE(AB$4," Corp","@ANDE Corp"),"PX_LAST",$C62,$C62,"days=all","dts=h","fill=0","QtTyp=P")} -> 720.1563 | AC62: {=_xll.BDH(SUBSTITUTE(AC$4," Corp","@ANDE Corp"),"PX_LAST",$C62,$C62,"days=all","dts=h","fill=0","QtTyp=P")} -> 999.47075 | AD62: {=_xll.BDH(SUBSTITUTE(AD$4," Corp","@ANDE Corp"),"PX_LAST",$C62,$C62,"days=all","dts=h","fill=0","QtTyp=P")} -> 865.47594 | AE62: {=_xll.BDH(SUBSTITUTE(AE$4," Corp","@ANDE Corp"),"PX_LAST",$C62,$C62,"days=all","dts=h","fill=0","QtTyp=P")} -> 669.51992 | AF62: {=_xll.BDH(SUBSTITUTE(AF$4," Corp","@ANDE Corp"),"PX_LAST",$C62,$C62,"days=all","dts=h","fill=0","QtTyp=P")} -> 622.89664 | AG62: {=_xll.BDH(SUBSTITUTE(AG$4," Corp","@ANDE Corp"),"PX_LAST",$C62,$C62,"days=all","dts=h","fill=0","QtTyp=P")} -> 746.5524 | AH62: {=_xll.BDH(SUBSTITUTE(AH$4," Corp","@ANDE Corp"),"PX_LAST",$C62,$C62,"days=all","dts=h","fill=0","QtTyp=P")} -> 580.51412 | AI62: 0 | AJ62: 0 | AK62: {=_xll.BDH(SUBSTITUTE(AK$4," Corp","@ANDE Corp"),"PX_LAST",$C62,$C62,"days=all","dts=h","fill=0","QtTyp=P")} -> 966.42323 | AL62: 0 | AM62: 0 | AN62: {=_xll.BDH(SUBSTITUTE(AN$4," Corp","@ANDE Corp"),"PX_LAST",$C62,$C62,"days=all","dts=h","fill=0","QtTyp=P")} -> 841.60734 | AO62: 0 | AP62: {=_xll.BDH(SUBSTITUTE(AP$4," Corp","@ANDE Corp"),"PX_LAST",$C62,$C62,"days=all","dts=h","fill=0","QtTyp=P")} -> 924.63487 | AQ62: {=_xll.BDH(SUBSTITUTE(AQ$4," Corp","@ANDE Corp"),"PX_LAST",$C62,$C62,"days=all","dts=h","fill=0","QtTyp=P")} -> 802.28446 | AR62: {=_xll.BDH(SUBSTITUTE(AR$4," Corp","@ANDE Corp"),"PX_LAST",$C62,$C62,"days=all","dts=h","fill=0","QtTyp=P")} -> 890.8385 | AS62: {=_xll.BDH(SUBSTITUTE(AS$4," Corp","@ANDE Corp"),"PX_LAST",$C62,$C62,"days=all","dts=h","fill=0","QtTyp=P")} -> 773.50226
C63: 42307 | D63: 0 | E63: 0 | F63: 0 | G63: 0 | H63: 0 | I63: 0 | J63: 0 | K63: 0 | L63: 0 | M63: 0 | N63: 0 | O63: 0 | P63: 0 | Q63: 0 | R63: {=_xll.BDH(SUBSTITUTE(R$4," Corp","@ANDE Corp"),"PX_LAST",$C63,$C63,"days=all","dts=h","fill=0","QtTyp=P")} -> 977.49544 | S63: 0 | T63: 0 | U63: 0 | V63: {=_xll.BDH(SUBSTITUTE(V$4," Corp","@ANDE Corp"),"PX_LAST",$C63,$C63,"days=all","dts=h","fill=0","QtTyp=P")} -> 911.51406 | W63: 0 | X63: {=_xll.BDH(SUBSTITUTE(X$4," Corp","@ANDE Corp"),"PX_LAST",$C63,$C63,"days=all","dts=h","fill=0","QtTyp=P")} -> 846.02736 | Y63: 0 | Z63: {=_xll.BDH(SUBSTITUTE(Z$4," Corp","@ANDE Corp"),"PX_LAST",$C63,$C63,"days=all","dts=h","fill=0","QtTyp=P")} -> 785.27612 | AA63: {=_xll.BDH(SUBSTITUTE(AA$4," Corp","@ANDE Corp"),"PX_LAST",$C63,$C63,"days=all","dts=h","fill=0","QtTyp=P")} -> 945.34753 | AB63: {=_xll.BDH(SUBSTITUTE(AB$4," Corp","@ANDE Corp"),"PX_LAST",$C63,$C63,"days=all","dts=h","fill=0","QtTyp=P")} -> 729.06603 | AC63: 0 | AD63: {=_xll.BDH(SUBSTITUTE(AD$4," Corp","@ANDE Corp"),"PX_LAST",$C63,$C63,"days=all","dts=h","fill=0","QtTyp=P")} -> 877.1572 | AE63: {=_xll.BDH(SUBSTITUTE(AE$4," Corp","@ANDE Corp"),"PX_LAST",$C63,$C63,"days=all","dts=h","fill=0","QtTyp=P")} -> 676.52392 | AF63: {=_xll.BDH(SUBSTITUTE(AF$4," Corp","@ANDE Corp"),"PX_LAST",$C63,$C63,"days=all","dts=h","fill=0","QtTyp=P")} -> 627.6986 | AG63: {=_xll.BDH(SUBSTITUTE(AG$4," Corp","@ANDE Corp"),"PX_LAST",$C63,$C63,"days=all","dts=h","fill=0","QtTyp=P")} -> 755.35889 | AH63: {=_xll.BDH(SUBSTITUTE(AH$4," Corp","@ANDE Corp"),"PX_LAST",$C63,$C63,"days=all","dts=h","fill=0","QtTyp=P")} -> 583.31678 | AI63: 0 | AJ63: 0 | AK63: {=_xll.BDH(SUBSTITUTE(AK$4," Corp","@ANDE Corp"),"PX_LAST",$C63,$C63,"days=all","dts=h","fill=0","QtTyp=P")} -> 979.42458 | AL63: 0 | AM63: 0 | AN63: {=_xll.BDH(SUBSTITUTE(AN$4," Corp","@ANDE Corp"),"PX_LAST",$C63,$C63,"days=all","dts=h","fill=0","QtTyp=P")} -> 841.76885 | AO63: 0 | AP63: {=_xll.BDH(SUBSTITUTE(AP$4," Corp","@ANDE Corp"),"PX_LAST",$C63,$C63,"days=all","dts=h","fill=0","QtTyp=P")} -> 936.18919 | AQ63: {=_xll.BDH(SUBSTITUTE(AQ$4," Corp","@ANDE Corp"),"PX_LAST",$C63,$C63,"days=all","dts=h","fill=0","QtTyp=P")} -> 799.86176 | AR63: {=_xll.BDH(SUBSTITUTE(AR$4," Corp","@ANDE Corp"),"PX_LAST",$C63,$C63,"days=all","dts=h","fill=0","QtTyp=P")} -> 898.5246 | AS63: {=_xll.BDH(SUBSTITUTE(AS$4," Corp","@ANDE Corp"),"PX_LAST",$C63,$C63,"days=all","dts=h","fill=0","QtTyp=P")} -> 765.83408
C64: 42338 | D64: 0 | E64: 0 | F64: 0 | G64: 0 | H64: 0 | I64: 0 | J64: 0 | K64: 0 | L64: 0 | M64: 0 | N64: 0 | O64: 0 | P64: 0 | Q64: 0 | R64: {=_xll.BDH(SUBSTITUTE(R$4," Corp","@ANDE Corp"),"PX_LAST",$C64,$C64,"days=all","dts=h","fill=0","QtTyp=P")} -> 987.96039 | S64: 0 | T64: 0 | U64: 0 | V64: {=_xll.BDH(SUBSTITUTE(V$4," Corp","@ANDE Corp"),"PX_LAST",$C64,$C64,"days=all","dts=h","fill=0","QtTyp=P")} -> 921.36456 | W64: 0 | X64: {=_xll.BDH(SUBSTITUTE(X$4," Corp","@ANDE Corp"),"PX_LAST",$C64,$C64,"days=all","dts=h","fill=0","QtTyp=P")} -> 853.05687 | Y64: 0 | Z64: {=_xll.BDH(SUBSTITUTE(Z$4," Corp","@ANDE Corp"),"PX_LAST",$C64,$C64,"days=all","dts=h","fill=0","QtTyp=P")} -> 790.86455 | AA64: {=_xll.BDH(SUBSTITUTE(AA$4," Corp","@ANDE Corp"),"PX_LAST",$C64,$C64,"days=all","dts=h","fill=0","QtTyp=P")} -> 955.57293 | AB64: {=_xll.BDH(SUBSTITUTE(AB$4," Corp","@ANDE Corp"),"PX_LAST",$C64,$C64,"days=all","dts=h","fill=0","QtTyp=P")} -> 733.25216 | AC64: 0 | AD64: {=_xll.BDH(SUBSTITUTE(AD$4," Corp","@ANDE Corp"),"PX_LAST",$C64,$C64,"days=all","dts=h","fill=0","QtTyp=P")} -> 885.96232 | AE64: {=_xll.BDH(SUBSTITUTE(AE$4," Corp","@ANDE Corp"),"PX_LAST",$C64,$C64,"days=all","dts=h","fill=0","QtTyp=P")} -> 680.56399 | AF64: {=_xll.BDH(SUBSTITUTE(AF$4," Corp","@ANDE Corp"),"PX_LAST",$C64,$C64,"days=all","dts=h","fill=0","QtTyp=P")} -> 630.97898 | AG64: {=_xll.BDH(SUBSTITUTE(AG$4," Corp","@ANDE Corp"),"PX_LAST",$C64,$C64,"days=all","dts=h","fill=0","QtTyp=P")} -> 760.44696 | AH64: {=_xll.BDH(SUBSTITUTE(AH$4," Corp","@ANDE Corp"),"PX_LAST",$C64,$C64,"days=all","dts=h","fill=0","QtTyp=P")} -> 587.06695 | AI64: 0 | AJ64: 0 | AK64: {=_xll.BDH(SUBSTITUTE(AK$4," Corp","@ANDE Corp"),"PX_LAST",$C64,$C64,"days=all","dts=h","fill=0","QtTyp=P")} -> 987.57299 | AL64: 0 | AM64: 0 | AN64: {=_xll.BDH(SUBSTITUTE(AN$4," Corp","@ANDE Corp"),"PX_LAST",$C64,$C64,"days=all","dts=h","fill=0","QtTyp=P")} -> 850.51898 | AO64: 0 | AP64: {=_xll.BDH(SUBSTITUTE(AP$4," Corp","@ANDE Corp"),"PX_LAST",$C64,$C64,"days=all","dts=h","fill=0","QtTyp=P")} -> 942.10848 | AQ64: {=_xll.BDH(SUBSTITUTE(AQ$4," Corp","@ANDE Corp"),"PX_LAST",$C64,$C64,"days=all","dts=h","fill=0","QtTyp=P")} -> 808.96114 | AR64: {=_xll.BDH(SUBSTITUTE(AR$4," Corp","@ANDE Corp"),"PX_LAST",$C64,$C64,"days=all","dts=h","fill=0","QtTyp=P")} -> 903.98951 | AS64: {=_xll.BDH(SUBSTITUTE(AS$4," Corp","@ANDE Corp"),"PX_LAST",$C64,$C64,"days=all","dts=h","fill=0","QtTyp=P")} -> 776.75528
C65: 42368 | D65: 0 | E65: 0 | F65: 0 | G65: 0 | H65: 0 | I65: 0 | J65: 0 | K65: 0 | L65: 0 | M65: 0 | N65: 0 | O65: 0 | P65: 0 | Q65: 0 | R65: {=_xll.BDH(SUBSTITUTE(R$4," Corp","@ANDE Corp"),"PX_LAST",$C65,$C65,"days=all","dts=h","fill=0","QtTyp=P")} -> 998.94324 | S65: 0 | T65: 0 | U65: 0 | V65: {=_xll.BDH(SUBSTITUTE(V$4," Corp","@ANDE Corp"),"PX_LAST",$C65,$C65,"days=all","dts=h","fill=0","QtTyp=P")} -> 932.12514 | W65: 0 | X65: {=_xll.BDH(SUBSTITUTE(X$4," Corp","@ANDE Corp"),"PX_LAST",$C65,$C65,"days=all","dts=h","fill=0","QtTyp=P")} -> 863.28134 | Y65: 0 | Z65: {=_xll.BDH(SUBSTITUTE(Z$4," Corp","@ANDE Corp"),"PX_LAST",$C65,$C65,"days=all","dts=h","fill=0","QtTyp=P")} -> 798.10487 | AA65: {=_xll.BDH(SUBSTITUTE(AA$4," Corp","@ANDE Corp"),"PX_LAST",$C65,$C65,"days=all","dts=h","fill=0","QtTyp=P")} -> 966.24505 | AB65: {=_xll.BDH(SUBSTITUTE(AB$4," Corp","@ANDE Corp"),"PX_LAST",$C65,$C65,"days=all","dts=h","fill=0","QtTyp=P")} -> 738.03306 | AC65: 0 | AD65: {=_xll.BDH(SUBSTITUTE(AD$4," Corp","@ANDE Corp"),"PX_LAST",$C65,$C65,"days=all","dts=h","fill=0","QtTyp=P")} -> 896.15426 | AE65: {=_xll.BDH(SUBSTITUTE(AE$4," Corp","@ANDE Corp"),"PX_LAST",$C65,$C65,"days=all","dts=h","fill=0","QtTyp=P")} -> 682.32941 | AF65: {=_xll.BDH(SUBSTITUTE(AF$4," Corp","@ANDE Corp"),"PX_LAST",$C65,$C65,"days=all","dts=h","fill=0","QtTyp=P")} -> 631.49947 | AG65: {=_xll.BDH(SUBSTITUTE(AG$4," Corp","@ANDE Corp"),"PX_LAST",$C65,$C65,"days=all","dts=h","fill=0","QtTyp=P")} -> 766.33802 | AH65: {=_xll.BDH(SUBSTITUTE(AH$4," Corp","@ANDE Corp"),"PX_LAST",$C65,$C65,"days=all","dts=h","fill=0","QtTyp=P")} -> 585.69406 | AI65: 0 | AJ65: 0 | AK65: {=_xll.BDH(SUBSTITUTE(AK$4," Corp","@ANDE Corp"),"PX_LAST",$C65,$C65,"days=all","dts=h","fill=0","QtTyp=P")} -> 999.5668 | AL65: 0 | AM65: 0 | AN65: {=_xll.BDH(SUBSTITUTE(AN$4," Corp","@ANDE Corp"),"PX_LAST",$C65,$C65,"days=all","dts=h","fill=0","QtTyp=P")} -> 843.80117 | AO65: 0 | AP65: {=_xll.BDH(SUBSTITUTE(AP$4," Corp","@ANDE Corp"),"PX_LAST",$C65,$C65,"days=all","dts=h","fill=0","QtTyp=P")} -> 949.87935 | AQ65: {=_xll.BDH(SUBSTITUTE(AQ$4," Corp","@ANDE Corp"),"PX_LAST",$C65,$C65,"days=all","dts=h","fill=0","QtTyp=P")} -> 798.39281 | AR65: {=_xll.BDH(SUBSTITUTE(AR$4," Corp","@ANDE Corp"),"PX_LAST",$C65,$C65,"days=all","dts=h","fill=0","QtTyp=P")} -> 906.98865 | AS65: {=_xll.BDH(SUBSTITUTE(AS$4," Corp","@ANDE Corp"),"PX_LAST",$C65,$C65,"days=all","dts=h","fill=0","QtTyp=P")} -> 763.2672

Sheet ya
C4: id | D4: EH582517 Corp | E4: EH984665 Corp | F4: EH892164 Corp | G4: EI103101 Corp | H4: EI112870 Corp | I4: EI319458 Corp | J4: EI396297 Corp | K4: EI491572 Corp | L4: EI532240 Corp | M4: EI539699 Corp | N4: EI600364 Corp | O4: EI740276 Corp | P4: EI740364 Corp | Q4: EI896969 Corp | R4: EI946581 Corp | S4: EJ122920 Corp | T4: EJ279019 Corp | U4: EJ393182 Corp | V4: EJ393177 Corp | W4: EJ622341 Corp | X4: EJ622346 Corp | Y4: EJ745910 Corp | Z4: EJ869056 Corp | AA4: EK019971 Corp | AB4: EK016988 Corp | AC4: EK367819 Corp | AD4: EK367825 Corp | AE4: EK367849 Corp | AF4: EK690056 Corp | AG4: AF180711 Corp | AH4: AF180712 Corp | AI4: ED961585 Corp | AJ4: EF399861 Corp | AK4: EG090250 Corp | AL4: EG623122 Corp | AM4: EG623130 Corp | AN4: EI138329 Corp | AO4: EI396317 Corp | AP4: EI946569 Corp | AQ4: EJ060294 Corp | AR4: EJ501365 Corp | AS4: EK016928 Corp
C5: 40542 | D5: =IF(hp!D5=0,0,_xll.BDP(D$4,"YAS_BOND_YLD","YAS_BOND_PX",hp!D5,"SETTLE_DT",TEXT($C5,"YYYYMMDD"))) -> 10.6597 | E5: =IF(hp!E5=0,0,_xll.BDP(E$4,"YAS_BOND_YLD","YAS_BOND_PX",hp!E5,"SETTLE_DT",TEXT($C5,"YYYYMMDD"))) -> 0 | F5: =IF(hp!F5=0,0,_xll.BDP(F$4,"YAS_BOND_YLD","YAS_BOND_PX",hp!F5,"SETTLE_DT",TEXT($C5,"YYYYMMDD"))) -> 11.6265 | G5: =IF(hp!G5=0,0,_xll.BDP(G$4,"YAS_BOND_YLD","YAS_BOND_PX",hp!G5,"SETTLE_DT",TEXT($C5,"YYYYMMDD"))) -> 12.3114 | H5: =IF(hp!H5=0,0,_xll.BDP(H$4,"YAS_BOND_YLD","YAS_BOND_PX",hp!H5,"SETTLE_DT",TEXT($C5,"YYYYMMDD"))) -> 11.1603 | I5: =IF(hp!I5=0,0,_xll.BDP(I$4,"YAS_BOND_YLD","YAS_BOND_PX",hp!I5,"SETTLE_DT",TEXT($C5,"YYYYMMDD"))) -> 11.9194 | J5: =IF(hp!J5=0,0,_xll.BDP(J$4,"YAS_BOND_YLD","YAS_BOND_PX",hp!J5,"SETTLE_DT",TEXT($C5,"YYYYMMDD"))) -> 12.3444 | K5: =IF(hp!K5=0,0,_xll.BDP(K$4,"YAS_BOND_YLD","YAS_BOND_PX",hp!K5,"SETTLE_DT",TEXT($C5,"YYYYMMDD"))) -> 12.3927 | L5: 0 | M5: 0 | N5: 0 | O5: 0 | P5: 0 | Q5: 0 | R5: 0 | S5: 0 | T5: 0 | U5: 0 | V5: 0 | W5: 0 | X5: 0 | Y5: 0 | Z5: 0 | AA5: 0 | AB5: 0 | AC5: 0 | AD5: 0 | AE5: 0 | AF5: 0 | AG5: 0 | AH5: 0 | AI5: =IF(hp!AI5=0,0,_xll.BDP(AI$4,"YAS_BOND_YLD","YAS_BOND_PX",hp!AI5,"SETTLE_DT",TEXT($C5,"YYYYMMDD"))) -> 12.0988 | AJ5: =IF(hp!AJ5=0,0,_xll.BDP(AJ$4,"YAS_BOND_YLD","YAS_BOND_PX",hp!AJ5,"SETTLE_DT",TEXT($C5,"YYYYMMDD"))) -> 12.2558 | AK5: =IF(hp!AK5=0,0,_xll.BDP(AK$4,"YAS_BOND_YLD","YAS_BOND_PX",hp!AK5,"SETTLE_DT",TEXT($C5,"YYYYMMDD"))) -> 12.0721 | AL5: =IF(hp!AL5=0,0,_xll.BDP(AL$4,"YAS_BOND_YLD","YAS_BOND_PX",hp!AL5,"SETTLE_DT",TEXT($C5,"YYYYMMDD"))) -> 10.6607 | AM5: =IF(hp!AM5=0,0,_xll.BDP(AM$4,"YAS_BOND_YLD","YAS_BOND_PX",hp!AM5,"SETTLE_DT",TEXT($C5,"YYYYMMDD"))) -> 12.354 | AN5: =IF(hp!AN5=0,0,_xll.BDP(AN$4,"YAS_BOND_YLD","YAS_BOND_PX",hp!AN5,"SETTLE_DT",TEXT($C5,"YYYYMMDD"))) -> 12.1667 | AO5: =IF(hp!AO5=0,0,_xll.BDP(AO$4,"YAS_BOND_YLD","YAS_BOND_PX",hp!AO5,"SETTLE_DT",TEXT($C5,"YYYYMMDD"))) -> 12.184 | AP5: 0 | AQ5: 0 | AR5: 0 | AS5: 0
C6: 40574 | D6: 0 | E6: =IF(hp!E6=0,0,_xll.BDP(E$4,"YAS_BOND_YLD","YAS_BOND_PX",hp!E6,"SETTLE_DT",TEXT($C6,"YYYYMMDD"))) -> 0 | F6: =IF(hp!F6=0,0,_xll.BDP(F$4,"YAS_BOND_YLD","YAS_BOND_PX",hp!F6,"SETTLE_DT",TEXT($C6,"YYYYMMDD"))) -> 11.9295 | G6: =IF(hp!G6=0,0,_xll.BDP(G$4,"YAS_BOND_YLD","YAS_BOND_PX",hp!G6,"SETTLE_DT",TEXT($C6,"YYYYMMDD"))) -> 12.8091 | H6: =IF(hp!H6=0,0,_xll.BDP(H$4,"YAS_BOND_YLD","YAS_BOND_PX",hp!H6,"SETTLE_DT",TEXT($C6,"YYYYMMDD"))) -> 11.4198 | I6: =IF(hp!I6=0,0,_xll.BDP(I$4,"YAS_BOND_YLD","YAS_BOND_PX",hp!I6,"SETTLE_DT",TEXT($C6,"YYYYMMDD"))) -> 12.2606 | J6: =IF(hp!J6=0,0,_xll.BDP(J$4,"YAS_BOND_YLD","YAS_BOND_PX",hp!J6,"SETTLE_DT",TEXT($C6,"YYYYMMDD"))) -> 12.9673 | K6: =IF(hp!K6=0,0,_xll.BDP(K$4,"YAS_BOND_YLD","YAS_BOND_PX",hp!K6,"SETTLE_DT",TEXT($C6,"YYYYMMDD"))) -> 13.0847 | L6: =IF(hp!L6=0,0,_xll.BDP(L$4,"YAS_BOND_YLD","YAS_BOND_PX",hp!L6,"SETTLE_DT",TEXT($C6,"YYYYMMDD"))) -> 13.0184 | M6: =IF(hp!M6=0,0,_xll.BDP(M$4,"YAS_BOND_YLD","YAS_BOND_PX",hp!M6,"SETTLE_DT",TEXT($C6,"YYYYMMDD"))) -> 12.6053 | N6: 0 | O6: 0 | P6: 0 | Q6: 0 | R6: 0 | S6: 0 | T6: 0 | U6: 0 | V6: 0 | W6: 0 | X6: 0 | Y6: 0 | Z6: 0 | AA6: 0 | AB6: 0 | AC6: 0 | AD6: 0 | AE6: 0 | AF6: 0 | AG6: 0 | AH6: 0 | AI6: =IF(hp!AI6=0,0,_xll.BDP(AI$4,"YAS_BOND_YLD","YAS_BOND_PX",hp!AI6,"SETTLE_DT",TEXT($C6,"YYYYMMDD"))) -> 12.4347 | AJ6: =IF(hp!AJ6=0,0,_xll.BDP(AJ$4,"YAS_BOND_YLD","YAS_BOND_PX",hp!AJ6,"SETTLE_DT",TEXT($C6,"YYYYMMDD"))) -> 13.0094 | AK6: =IF(hp!AK6=0,0,_xll.BDP(AK$4,"YAS_BOND_YLD","YAS_BOND_PX",hp!AK6,"SETTLE_DT",TEXT($C6,"YYYYMMDD"))) -> 12.961 | AL6: 0 | AM6: =IF(hp!AM6=0,0,_xll.BDP(AM$4,"YAS_BOND_YLD","YAS_BOND_PX",hp!AM6,"SETTLE_DT",TEXT($C6,"YYYYMMDD"))) -> 12.9601 | AN6: =IF(hp!AN6=0,0,_xll.BDP(AN$4,"YAS_BOND_YLD","YAS_BOND_PX",hp!AN6,"SETTLE_DT",TEXT($C6,"YYYYMMDD"))) -> 12.9954 | AO6: =IF(hp!AO6=0,0,_xll.BDP(AO$4,"YAS_BOND_YLD","YAS_BOND_PX",hp!AO6,"SETTLE_DT",TEXT($C6,"YYYYMMDD"))) -> 13.0111 | AP6: 0 | AQ6: 0 | AR6: 0 | AS6: 0
C7: 40602 | D7: 0 | E7: =IF(hp!E7=0,0,_xll.BDP(E$4,"YAS_BOND_YLD","YAS_BOND_PX",hp!E7,"SETTLE_DT",TEXT($C7,"YYYYMMDD"))) -> 0 | F7: =IF(hp!F7=0,0,_xll.BDP(F$4,"YAS_BOND_YLD","YAS_BOND_PX",hp!F7,"SETTLE_DT",TEXT($C7,"YYYYMMDD"))) -> 12.1296 | G7: =IF(hp!G7=0,0,_xll.BDP(G$4,"YAS_BOND_YLD","YAS_BOND_PX",hp!G7,"SETTLE_DT",TEXT($C7,"YYYYMMDD"))) -> 12.8051 | H7: =IF(hp!H7=0,0,_xll.BDP(H$4,"YAS_BOND_YLD","YAS_BOND_PX",hp!H7,"SETTLE_DT",TEXT($C7,"YYYYMMDD"))) -> 11.6612 | I7: =IF(hp!I7=0,0,_xll.BDP(I$4,"YAS_BOND_YLD","YAS_BOND_PX",hp!I7,"SETTLE_DT",TEXT($C7,"YYYYMMDD"))) -> 12.458 | J7: =IF(hp!J7=0,0,_xll.BDP(J$4,"YAS_BOND_YLD","YAS_BOND_PX",hp!J7,"SETTLE_DT",TEXT($C7,"YYYYMMDD"))) -> 12.8163 | K7: =IF(hp!K7=0,0,_xll.BDP(K$4,"YAS_BOND_YLD","YAS_BOND_PX",hp!K7,"SETTLE_DT",TEXT($C7,"YYYYMMDD"))) -> 12.8423 | L7: =IF(hp!L7=0,0,_xll.BDP(L$4,"YAS_BOND_YLD","YAS_BOND_PX",hp!L7,"SETTLE_DT",TEXT($C7,"YYYYMMDD"))) -> 12.7348 | M7: =IF(hp!M7=0,0,_xll.BDP(M$4,"YAS_BOND_YLD","YAS_BOND_PX",hp!M7,"SETTLE_DT",TEXT($C7,"YYYYMMDD"))) -> 12.7123 | N7: 0 | O7: 0 | P7: 0 | Q7: 0 | R7: 0 | S7: 0 | T7: 0 | U7: 0 | V7: 0 | W7: 0 | X7: 0 | Y7: 0 | Z7: 0 | AA7: 0 | AB7: 0 | AC7: 0 | AD7: 0 | AE7: 0 | AF7: 0 | AG7: 0 | AH7: 0 | AI7: =IF(hp!AI7=0,0,_xll.BDP(AI$4,"YAS_BOND_YLD","YAS_BOND_PX",hp!AI7,"SETTLE_DT",TEXT($C7,"YYYYMMDD"))) -> 12.5974 | AJ7: =IF(hp!AJ7=0,0,_xll.BDP(AJ$4,"YAS_BOND_YLD","YAS_BOND_PX",hp!AJ7,"SETTLE_DT",TEXT($C7,"YYYYMMDD"))) -> 12.7545 | AK7: =IF(hp!AK7=0,0,_xll.BDP(AK$4,"YAS_BOND_YLD","YAS_BOND_PX",hp!AK7,"SETTLE_DT",TEXT($C7,"YYYYMMDD"))) -> 12.5022 | AL7: 0 | AM7: =IF(hp!AM7=0,0,_xll.BDP(AM$4,"YAS_BOND_YLD","YAS_BOND_PX",hp!AM7,"SETTLE_DT",TEXT($C7,"YYYYMMDD"))) -> 12.8099 | AN7: =IF(hp!AN7=0,0,_xll.BDP(AN$4,"YAS_BOND_YLD","YAS_BOND_PX",hp!AN7,"SETTLE_DT",TEXT($C7,"YYYYMMDD"))) -> 12.4695 | AO7: =IF(hp!AO7=0,0,_xll.BDP(AO$4,"YAS_BOND_YLD","YAS_BOND_PX",hp!AO7,"SETTLE_DT",TEXT($C7,"YYYYMMDD"))) -> 12.7065 | AP7: 0 | AQ7: 0 | AR7: 0 | AS7: 0
C8: 40633 | D8: 0 | E8: =IF(hp!E8=0,0,_xll.BDP(E$4,"YAS_BOND_YLD","YAS_BOND_PX",hp!E8,"SETTLE_DT",TEXT($C8,"YYYYMMDD"))) -> 0 | F8: =IF(hp!F8=0,0,_xll.BDP(F$4,"YAS_BOND_YLD","YAS_BOND_PX",hp!F8,"SETTLE_DT",TEXT($C8,"YYYYMMDD"))) -> 11.9258 | G8: =IF(hp!G8=0,0,_xll.BDP(G$4,"YAS_BOND_YLD","YAS_BOND_PX",hp!G8,"SETTLE_DT",TEXT($C8,"YYYYMMDD"))) -> 12.5447 | H8: =IF(hp!H8=0,0,_xll.BDP(H$4,"YAS_BOND_YLD","YAS_BOND_PX",hp!H8,"SETTLE_DT",TEXT($C8,"YYYYMMDD"))) -> 11.6989 | I8: =IF(hp!I8=0,0,_xll.BDP(I$4,"YAS_BOND_YLD","YAS_BOND_PX",hp!I8,"SETTLE_DT",TEXT($C8,"YYYYMMDD"))) -> 12.0698 | J8: =IF(hp!J8=0,0,_xll.BDP(J$4,"YAS_BOND_YLD","YAS_BOND_PX",hp!J8,"SETTLE_DT",TEXT($C8,"YYYYMMDD"))) -> 12.7498 | K8: =IF(hp!K8=0,0,_xll.BDP(K$4,"YAS_BOND_YLD","YAS_BOND_PX",hp!K8,"SETTLE_DT",TEXT($C8,"YYYYMMDD"))) -> 12.8589 | L8: =IF(hp!L8=0,0,_xll.BDP(L$4,"YAS_BOND_YLD","YAS_BOND_PX",hp!L8,"SETTLE_DT",TEXT($C8,"YYYYMMDD"))) -> 13.0901 | ... N8: =IF(hp!N8=0,0,_xll.BDP(N$4,"YAS_BOND_YLD","YAS_BOND_PX",hp!N8,"SETTLE_DT",TEXT($C8,"YYYYMMDD"))) -> 12.9554 | O8: 0 | P8: 0 | Q8: 0 | R8: 0 | S8: 0 | T8: 0 | U8: 0 | V8: 0 | W8: 0 | X8: 0 | Y8: 0 | Z8: 0 | AA8: 0 | AB8: 0 | AC8: 0 | AD8: 0 | AE8: 0 | AF8: 0 | AG8: 0 | AH8: 0 | AI8: =IF(hp!AI8=0,0,_xll.BDP(AI$4,"YAS_BOND_YLD","YAS_BOND_PX",hp!AI8,"SETTLE_DT",TEXT($C8,"YYYYMMDD"))) -> 12.1576 | AJ8: =IF(hp!AJ8=0,0,_xll.BDP(AJ$4,"YAS_BOND_YLD","YAS_BOND_PX",hp!AJ8,"SETTLE_DT",TEXT($C8,"YYYYMMDD"))) -> 12.9736 | AK8: =IF(hp!AK8=0,0,_xll.BDP(AK$4,"YAS_BOND_YLD","YAS_BOND_PX",hp!AK8,"SETTLE_DT",TEXT($C8,"YYYYMMDD"))) -> 13.001 | AL8: 0 | AM8: =IF(hp!AM8=0,0,_xll.BDP(AM$4,"YAS_BOND_YLD","YAS_BOND_PX",hp!AM8,"SETTLE_DT",TEXT($C8,"YYYYMMDD"))) -> 12.751 | AN8: =IF(hp!AN8=0,0,_xll.BDP(AN$4,"YAS_BOND_YLD","YAS_BOND_PX",hp!AN8,"SETTLE_DT",TEXT($C8,"YYYYMMDD"))) -> 12.9326 | AO8: =IF(hp!AO8=0,0,_xll.BDP(AO$4,"YAS_BOND_YLD","YAS_BOND_PX",hp!AO8,"SETTLE_DT",TEXT($C8,"YYYYMMDD"))) -> 13.0493 | AP8: 0 | AQ8: 0 | AR8: 0 | AS8: 0
C9: 40662 | D9: 0 | E9: =IF(hp!E9=0,0,_xll.BDP(E$4,"YAS_BOND_YLD","YAS_BOND_PX",hp!E9,"SETTLE_DT",TEXT($C9,"YYYYMMDD"))) -> 0 | F9: =IF(hp!F9=0,0,_xll.BDP(F$4,"YAS_BOND_YLD","YAS_BOND_PX",hp!F9,"SETTLE_DT",TEXT($C9,"YYYYMMDD"))) -> 12.0494 | G9: =IF(hp!G9=0,0,_xll.BDP(G$4,"YAS_BOND_YLD","YAS_BOND_PX",hp!G9,"SETTLE_DT",TEXT($C9,"YYYYMMDD"))) -> 12.6749 | H9: 0 | I9: =IF(hp!I9=0,0,_xll.BDP(I$4,"YAS_BOND_YLD","YAS_BOND_PX",hp!I9,"SETTLE_DT",TEXT($C9,"YYYYMMDD"))) -> 12.2348 | J9: =IF(hp!J9=0,0,_xll.BDP(J$4,"YAS_BOND_YLD","YAS_BOND_PX",hp!J9,"SETTLE_DT",TEXT($C9,"YYYYMMDD"))) -> 12.753 | K9: =IF(hp!K9=0,0,_xll.BDP(K$4,"YAS_BOND_YLD","YAS_BOND_PX",hp!K9,"SETTLE_DT",TEXT($C9,"YYYYMMDD"))) -> 12.7898 | L9: =IF(hp!L9=0,0,_xll.BDP(L$4,"YAS_BOND_YLD","YAS_BOND_PX",hp!L9,"SETTLE_DT",TEXT($C9,"YYYYMMDD"))) -> 12.7986 | M9: =IF(hp!M9=0,0,_xll.BDP(M$4,"YAS_BOND_YLD","YAS_BOND_PX",hp!M9,"SETTLE_DT",TEXT($C9,"YYYYMMDD"))) -> 12.5249 | N9: =IF(hp!N9=0,0,_xll.BDP(N$4,"YAS_BOND_YLD","YAS_BOND_PX",hp!N9,"SETTLE_DT",TEXT($C9,"YYYYMMDD"))) -> 12.8465 | O9: 0 | P9: 0 | Q9: 0 | R9: 0 | S9: 0 | T9: 0 | U9: 0 | V9: 0 | W9: 0 | X9: 0 | Y9: 0 | Z9: 0 | AA9: 0 | AB9: 0 | AC9: 0 | AD9: 0 | AE9: 0 | AF9: 0 | AG9: 0 | AH9: 0 | AI9: =IF(hp!AI9=0,0,_xll.BDP(AI$4,"YAS_BOND_YLD","YAS_BOND_PX",hp!AI9,"SETTLE_DT",TEXT($C9,"YYYYMMDD"))) -> 12.3801 | AJ9: =IF(hp!AJ9=0,0,_xll.BDP(AJ$4,"YAS_BOND_YLD","YAS_BOND_PX",hp!AJ9,"SETTLE_DT",TEXT($C9,"YYYYMMDD"))) -> 12.7252 | AK9: =IF(hp!AK9=0,0,_xll.BDP(AK$4,"YAS_BOND_YLD","YAS_BOND_PX",hp!AK9,"SETTLE_DT",TEXT($C9,"YYYYMMDD"))) -> 12.6698 | AL9: 0 | AM9: =IF(hp!AM9=0,0,_xll.BDP(AM$4,"YAS_BOND_YLD","YAS_BOND_PX",hp!AM9,"SETTLE_DT",TEXT($C9,"YYYYMMDD"))) -> 12.7444 | AN9: =IF(hp!AN9=0,0,_xll.BDP(AN$4,"YAS_BOND_YLD","YAS_BOND_PX",hp!AN9,"SETTLE_DT",TEXT($C9,"YYYYMMDD"))) -> 12.6098 | AO9: =IF(hp!AO9=0,0,_xll.BDP(AO$4,"YAS_BOND_YLD","YAS_BOND_PX",hp!AO9,"SETTLE_DT",TEXT($C9,"YYYYMMDD"))) -> 12.7541 | AP9: 0 | AQ9: 0 | AR9: 0 | AS9: 0
C10: 40694 | D10: 0 | E10: =IF(hp!E10=0,0,_xll.BDP(E$4,"YAS_BOND_YLD","YAS_BOND_PX",hp!E10,"SETTLE_DT",TEXT($C10,"YYYYMMDD"))) -> 0 | F10: =IF(hp!F10=0,0,_xll.BDP(F$4,"YAS_BOND_YLD","YAS_BOND_PX",hp!F10,"SETTLE_DT",TEXT($C10,"YYYYMMDD"))) -> 12.1315 | G10: =IF(hp!G10=0,0,_xll.BDP(G$4,"YAS_BOND_YLD","YAS_BOND_PX",hp!G10,"SETTLE_DT",TEXT($C10,"YYYYMMDD"))) -> 12.545 | H10: 0 | I10: =IF(hp!I10=0,0,_xll.BDP(I$4,"YAS_BOND_YLD","YAS_BOND_PX",hp!I10,"SETTLE_DT",TEXT($C10,"YYYYMMDD"))) -> 12.2876 | J10: =IF(hp!J10=0,0,_xll.BDP(J$4,"YAS_BOND_YLD","YAS_BOND_PX",hp!J10,"SETTLE_DT",TEXT($C10,"YYYYMMDD"))) -> 12.5598 | K10: =IF(hp!K10=0,0,_xll.BDP(K$4,"YAS_BOND_YLD","YAS_BOND_PX",hp!K10,"SETTLE_DT",TEXT($C10,"YYYYMMDD"))) -> 12.5798 | L10: =IF(hp!L10=0,0,_xll.BDP(L$4,"YAS_BOND_YLD","YAS_BOND_PX",hp!L10,"SETTLE_DT",TEXT($C10,"YYYYMMDD"))) -> 12.5847 | M10: =IF(hp!M10=0,0,_xll.BDP(M$4,"YAS_BOND_YLD","YAS_BOND_PX",hp!M10,"SETTLE_DT",TEXT($C10,"YYYYMMDD"))) -> 12.4651 | N10: =IF(hp!N10=0,0,_xll.BDP(N$4,"YAS_BOND_YLD","YAS_BOND_PX",hp!N10,"SETTLE_DT",TEXT($C10,"YYYYMMDD"))) -> 12.6098 | O10: 0 | P10: 0 | Q10: 0 | R10: 0 | S10: 0 | T10: 0 | U10: 0 | V10: 0 | W10: 0 | X10: 0 | Y10: 0 | Z10: 0 | AA10: 0 | AB10: 0 | AC10: 0 | AD10: 0 | AE10: 0 | AF10: 0 | AG10: 0 | AH10: 0 | AI10: =IF(hp!AI10=0,0,_xll.BDP(AI$4,"YAS_BOND_YLD","YAS_BOND_PX",hp!AI10,"SETTLE_DT",TEXT($C10,"YYYYMMDD"))) -> 12.4108 | AJ10: =IF(hp!AJ10=0,0,_xll.BDP(AJ$4,"YAS_BOND_YLD","YAS_BOND_PX",hp!AJ10,"SETTLE_DT",TEXT($C10,"YYYYMMDD"))) -> 12.5223 | AK10: =IF(hp!AK10=0,0,_xll.BDP(AK$4,"YAS_BOND_YLD","YAS_BOND_PX",hp!AK10,"SETTLE_DT",TEXT($C10,"YYYYMMDD"))) -> 12.4919 | AL10: 0 | AM10: =IF(hp!AM10=0,0,_xll.BDP(AM$4,"YAS_BOND_YLD","YAS_BOND_PX",hp!AM10,"SETTLE_DT",TEXT($C10,"YYYYMMDD"))) -> 12.5613 | AN10: =IF(hp!AN10=0,0,_xll.BDP(AN$4,"YAS_BOND_YLD","YAS_BOND_PX",hp!AN10,"SETTLE_DT",TEXT($C10,"YYYYMMDD"))) -> 12.4294 | AO10: =IF(hp!AO10=0,0,_xll.BDP(AO$4,"YAS_BOND_YLD","YAS_BOND_PX",hp!AO10,"SETTLE_DT",TEXT($C10,"YYYYMMDD"))) -> 12.5349 | AP10: 0 | AQ10: 0 | AR10: 0 | AS10: 0
C11: 40724 | D11: 0 | E11: =IF(hp!E11=0,0,_xll.BDP(E$4,"YAS_BOND_YLD","YAS_BOND_PX",hp!E11,"SETTLE_DT",TEXT($C11,"YYYYMMDD"))) -> 0 | F11: =IF(hp!F11=0,0,_xll.BDP(F$4,"YAS_BOND_YLD","YAS_BOND_PX",hp!F11,"SETTLE_DT",TEXT($C11,"YYYYMMDD"))) -> 12.2331 | G11: =IF(hp!G11=0,0,_xll.BDP(G$4,"YAS_BOND_YLD","YAS_BOND_PX",hp!G11,"SETTLE_DT",TEXT($C11,"YYYYMMDD"))) -> 12.7157 | H11: 0 | I11: =IF(hp!I11=0,0,_xll.BDP(I$4,"YAS_BOND_YLD","YAS_BOND_PX",hp!I11,"SETTLE_DT",TEXT($C11,"YYYYMMDD"))) -> 12.3696 | J11: =IF(hp!J11=0,0,_xll.BDP(J$4,"YAS_BOND_YLD","YAS_BOND_PX",hp!J11,"SETTLE_DT",TEXT($C11,"YYYYMMDD"))) -> 12.7656 | K11: =IF(hp!K11=0,0,_xll.BDP(K$4,"YAS_BOND_YLD","YAS_BOND_PX",hp!K11,"SETTLE_DT",TEXT($C11,"YYYYMMDD"))) -> 12.8044 | L11: =IF(hp!L11=0,0,_xll.BDP(L$4,"YAS_BOND_YLD","YAS_BOND_PX",hp!L11,"SETTLE_DT",TEXT($C11,"YYYYMMDD"))) -> 12.725 | M11: =IF(hp!M11=0,0,_xll.BDP(M$4,"YAS_BOND_YLD","YAS_BOND_PX",hp!M11,"SETTLE_DT",TEXT($C11,"YYYYMMDD"))) -> 12.5887 | N11: =IF(hp!N11=0,0,_xll.BDP(N$4,"YAS_BOND_YLD","YAS_BOND_PX",hp!N11,"SETTLE_DT",TEXT($C11,"YYYYMMDD"))) -> 12.8114 | O11: 0 | P11: 0 | Q11: 0 | R11: 0 | S11: 0 | T11: 0 | U11: 0 | V11: 0 | W11: 0 | X11: 0 | Y11: 0 | Z11: 0 | AA11: 0 | AB11: 0 | AC11: 0 | AD11: 0 | AE11: 0 | AF11: 0 | AG11: 0 | AH11: 0 | AI11: =IF(hp!AI11=0,0,_xll.BDP(AI$4,"YAS_BOND_YLD","YAS_BOND_PX",hp!AI11,"SETTLE_DT",TEXT($C11,"YYYYMMDD"))) -> 12.5391 | AJ11: =IF(hp!AJ11=0,0,_xll.BDP(AJ$4,"YAS_BOND_YLD","YAS_BOND_PX",hp!AJ11,"SETTLE_DT",TEXT($C11,"YYYYMMDD"))) -> 12.7556 | AK11: =IF(hp!AK11=0,0,_xll.BDP(AK$4,"YAS_BOND_YLD","YAS_BOND_PX",hp!AK11,"SETTLE_DT",TEXT($C11,"YYYYMMDD"))) -> 12.5563 | AL11: 0 | AM11: =IF(hp!AM11=0,0,_xll.BDP(AM$4,"YAS_BOND_YLD","YAS_BOND_PX",hp!AM11,"SETTLE_DT",TEXT($C11,"YYYYMMDD"))) -> 12.7715 | AN11: =IF(hp!AN11=0,0,_xll.BDP(AN$4,"YAS_BOND_YLD","YAS_BOND_PX",hp!AN11,"SETTLE_DT",TEXT($C11,"YYYYMMDD"))) -> 12.4629 | AO11: =IF(hp!AO11=0,0,_xll.BDP(AO$4,"YAS_BOND_YLD","YAS_BOND_PX",hp!AO11,"SETTLE_DT",TEXT($C11,"YYYYMMDD"))) -> 12.6554 | AP11: 0 | AQ11: 0 | AR11: 0 | AS11: 0
C12: 40753 | D12: 0 | E12: =IF(hp!E12=0,0,_xll.BDP(E$4,"YAS_BOND_YLD","YAS_BOND_PX",hp!E12,"SETTLE_DT",TEXT($C12,"YYYYMMDD"))) -> 0 | F12: 0 | G12: =IF(hp!G12=0,0,_xll.BDP(G$4,"YAS_BOND_YLD","YAS_BOND_PX",hp!G12,"SETTLE_DT",TEXT($C12,"YYYYMMDD"))) -> 12.6253 | H12: 0 | I12: =IF(hp!I12=0,0,_xll.BDP(I$4,"YAS_BOND_YLD","YAS_BOND_PX",hp!I12,"SETTLE_DT",TEXT($C12,"YYYYMMDD"))) -> 12.4448 | J12: =IF(hp!J12=0,0,_xll.BDP(J$4,"YAS_BOND_YLD","YAS_BOND_PX",hp!J12,"SETTLE_DT",TEXT($C12,"YYYYMMDD"))) -> 12.763 | K12: =IF(hp!K12=0,0,_xll.BDP(K$4,"YAS_BOND_YLD","YAS_BOND_PX",hp!K12,"SETTLE_DT",TEXT($C12,"YYYYMMDD"))) -> 12.8197 | L12: =IF(hp!L12=0,0,_xll.BDP(L$4,"YAS_BOND_YLD","YAS_BOND_PX",hp!L12,"SETTLE_DT",TEXT($C12,"YYYYMMDD"))) -> 12.9702 | M12: =IF(hp!M12=0,0,_xll.BDP(M$4,"YAS_BOND_YLD","YAS_BOND_PX",hp!M12,"SETTLE_DT",TEXT($C12,"YYYYMMDD"))) -> 12.5348 | N12: =IF(hp!N12=0,0,_xll.BDP(N$4,"YAS_BOND_YLD","YAS_BOND_PX",hp!N12,"SETTLE_DT",TEXT($C12,"YYYYMMDD"))) -> 12.8625 | O12: =IF(hp!O12=0,0,_xll.BDP(O$4,"YAS_BOND_YLD","YAS_BOND_PX",hp!O12,"SETTLE_DT",TEXT($C12,"YYYYMMDD"))) -> 12.7074 | P12: =IF(hp!P12=0,0,_xll.BDP(P$4,"YAS_BOND_YLD","YAS_BOND_PX",hp!P12,"SETTLE_DT",TEXT($C12,"YYYYMMDD"))) -> 12.9299 | Q12: 0 | R12: 0 | S12: 0 | T12: 0 | U12: 0 | V12: 0 | W12: 0 | X12: 0 | Y12: 0 | Z12: 0 | AA12: 0 | AB12: 0 | AC12: 0 | AD12: 0 | AE12: 0 | AF12: 0 | AG12: 0 | AH12: 0 | AI12: =IF(hp!AI12=0,0,_xll.BDP(AI$4,"YAS_BOND_YLD","YAS_BOND_PX",hp!AI12,"SETTLE_DT",TEXT($C12,"YYYYMMDD"))) -> 12.5101 | AJ12: =IF(hp!AJ12=0,0,_xll.BDP(AJ$4,"YAS_BOND_YLD","YAS_BOND_PX",hp!AJ12,"SETTLE_DT",TEXT($C12,"YYYYMMDD"))) -> 12.9043 | AK12: =IF(hp!AK12=0,0,_xll.BDP(AK$4,"YAS_BOND_YLD","YAS_BOND_PX",hp!AK12,"SETTLE_DT",TEXT($C12,"YYYYMMDD"))) -> 12.9196 | AL12: 0 | AM12: =IF(hp!AM12=0,0,_xll.BDP(AM$4,"YAS_BOND_YLD","YAS_BOND_PX",hp!AM12,"SETTLE_DT",TEXT($C12,"YYYYMMDD"))) -> 12.7858 | AN12: =IF(hp!AN12=0,0,_xll.BDP(AN$4,"YAS_BOND_YLD","YAS_BOND_PX",hp!AN12,"SETTLE_DT",TEXT($C12,"YYYYMMDD"))) -> 12.8098 | AO12: =IF(hp!AO12=0,0,_xll.BDP(AO$4,"YAS_BOND_YLD","YAS_BOND_PX",hp!AO12,"SETTLE_DT",TEXT($C12,"YYYYMMDD"))) -> 12.9088 | AP12: 0 | AQ12: 0 | AR12: 0 | AS12: 0
C13: 40786 | D13: 0 | E13: =IF(hp!E13=0,0,_xll.BDP(E$4,"YAS_BOND_YLD","YAS_BOND_PX",hp!E13,"SETTLE_DT",TEXT($C13,"YYYYMMDD"))) -> 0 | F13: 0 | G13: =IF(hp!G13=0,0,_xll.BDP(G$4,"YAS_BOND_YLD","YAS_BOND_PX",hp!G13,"SETTLE_DT",TEXT($C13,"YYYYMMDD"))) -> 11.4097 | H13: 0 | I13: =IF(hp!I13=0,0,_xll.BDP(I$4,"YAS_BOND_YLD","YAS_BOND_PX",hp!I13,"SETTLE_DT",TEXT($C13,"YYYYMMDD"))) -> 12.3458 | J13: =IF(hp!J13=0,0,_xll.BDP(J$4,"YAS_BOND_YLD","YAS_BOND_PX",hp!J13,"SETTLE_DT",TEXT($C13,"YYYYMMDD"))) -> 11.185 | K13: =IF(hp!K13=0,0,_xll.BDP(K$4,"YAS_BOND_YLD","YAS_BOND_PX",hp!K13,"SETTLE_DT",TEXT($C13,"YYYYMMDD"))) -> 11.2055 | L13: =IF(hp!L13=0,0,_xll.BDP(L$4,"YAS_BOND_YLD","YAS_BOND_PX",hp!L13,"SETTLE_DT",TEXT($C13,"YYYYMMDD"))) -> 11.52 | M13: =IF(hp!M13=0,0,_xll.BDP(M$4,"YAS_BOND_YLD","YAS_BOND_PX",hp!M13,"SETTLE_DT",TEXT($C13,"YYYYMMDD"))) -> 11.6253 | N13: =IF(hp!N13=0,0,_xll.BDP(N$4,"YAS_BOND_YLD","YAS_BOND_PX",hp!N13,"SETTLE_DT",TEXT($C13,"YYYYMMDD"))) -> 11.2215 | O13: =IF(hp!O13=0,0,_xll.BDP(O$4,"YAS_BOND_YLD","YAS_BOND_PX",hp!O13,"SETTLE_DT",TEXT($C13,"YYYYMMDD"))) -> 11.2731 | P13: =IF(hp!P13=0,0,_xll.BDP(P$4,"YAS_BOND_YLD","YAS_BOND_PX",hp!P13,"SETTLE_DT",TEXT($C13,"YYYYMMDD"))) -> 11.3393 | Q13: 0 | R13: 0 | S13: 0 | T13: 0 | U13: 0 | V13: 0 | W13: 0 | X13: 0 | Y13: 0 | Z13: 0 | AA13: 0 | AB13: 0 | AC13: 0 | AD13: 0 | AE13: 0 | AF13: 0 | AG13: 0 | AH13: 0 | AI13: =IF(hp!AI13=0,0,_xll.BDP(AI$4,"YAS_BOND_YLD","YAS_BOND_PX",hp!AI13,"SETTLE_DT",TEXT($C13,"YYYYMMDD"))) -> 12.0043 | AJ13: =IF(hp!AJ13=0,0,_xll.BDP(AJ$4,"YAS_BOND_YLD","YAS_BOND_PX",hp!AJ13,"SETTLE_DT",TEXT($C13,"YYYYMMDD"))) -> 11.3296 | AK13: =IF(hp!AK13=0,0,_xll.BDP(AK$4,"YAS_BOND_YLD","YAS_BOND_PX",hp!AK13,"SETTLE_DT",TEXT($C13,"YYYYMMDD"))) -> 11.6576 | AL13: 0 | AM13: =IF(hp!AM13=0,0,_xll.BDP(AM$4,"YAS_BOND_YLD","YAS_BOND_PX",hp!AM13,"SETTLE_DT",TEXT($C13,"YYYYMMDD"))) -> 11.2045 | AN13: =IF(hp!AN13=0,0,_xll.BDP(AN$4,"YAS_BOND_YLD","YAS_BOND_PX",hp!AN13,"SETTLE_DT",TEXT($C13,"YYYYMMDD"))) -> 11.6438 | AO13: =IF(hp!AO13=0,0,_xll.BDP(AO$4,"YAS_BOND_YLD","YAS_BOND_PX",hp!AO13,"SETTLE_DT",TEXT($C13,"YYYYMMDD"))) -> 11.472 | AP13: 0 | AQ13: 0 | AR13: 0 | AS13: 0
C14: 40816 | D14: 0 | E14: =IF(hp!E14=0,0,_xll.BDP(E$4,"YAS_BOND_YLD","YAS_BOND_PX",hp!E14,"SETTLE_DT",TEXT($C14,"YYYYMMDD"))) -> 0 | F14: 0 | G14: =IF(hp!G14=0,0,_xll.BDP(G$4,"YAS_BOND_YLD","YAS_BOND_PX",hp!G14,"SETTLE_DT",TEXT($C14,"YYYYMMDD"))) -> 10.5459 | H14: 0 | I14: =IF(hp!I14=0,0,_xll.BDP(I$4,"YAS_BOND_YLD","YAS_BOND_PX",hp!I14,"SETTLE_DT",TEXT($C14,"YYYYMMDD"))) -> 11.9062 | J14: =IF(hp!J14=0,0,_xll.BDP(J$4,"YAS_BOND_YLD","YAS_BOND_PX",hp!J14,"SETTLE_DT",TEXT($C14,"YYYYMMDD"))) -> 10.4146 | K14: =IF(hp!K14=0,0,_xll.BDP(K$4,"YAS_BOND_YLD","YAS_BOND_PX",hp!K14,"SETTLE_DT",TEXT($C14,"YYYYMMDD"))) -> 10.4754 | L14: =IF(hp!L14=0,0,_xll.BDP(L$4,"YAS_BOND_YLD","YAS_BOND_PX",hp!L14,"SETTLE_DT",TEXT($C14,"YYYYMMDD"))) -> 11.2898 | M14: =IF(hp!M14=0,0,_xll.BDP(M$4,"YAS_BOND_YLD","YAS_BOND_PX",hp!M14,"SETTLE_DT",TEXT($C14,"YYYYMMDD"))) -> 10.7598 | N14: =IF(hp!N14=0,0,_xll.BDP(N$4,"YAS_BOND_YLD","YAS_BOND_PX",hp!N14,"SETTLE_DT",TEXT($C14,"YYYYMMDD"))) -> 10.6 | O14: =IF(hp!O14=0,0,_xll.BDP(O$4,"YAS_BOND_YLD","YAS_BOND_PX",hp!O14,"SETTLE_DT",TEXT($C14,"YYYYMMDD"))) -> 10.4601 | P14: =IF(hp!P14=0,0,_xll.BDP(P$4,"YAS_BOND_YLD","YAS_BOND_PX",hp!P14,"SETTLE_DT",TEXT($C14,"YYYYMMDD"))) -> 10.9774 | Q14: 0 | R14: 0 | S14: 0 | T14: 0 | U14: 0 | V14: 0 | W14: 0 | X14: 0 | Y14: 0 | Z14: 0 | AA14: 0 | AB14: 0 | AC14: 0 | AD14: 0 | AE14: 0 | AF14: 0 | AG14: 0 | AH14: 0 | AI14: =IF(hp!AI14=0,0,_xll.BDP(AI$4,"YAS_BOND_YLD","YAS_BOND_PX",hp!AI14,"SETTLE_DT",TEXT($C14,"YYYYMMDD"))) -> 11.1202 | AJ14: =IF(hp!AJ14=0,0,_xll.BDP(AJ$4,"YAS_BOND_YLD","YAS_BOND_PX",hp!AJ14,"SETTLE_DT",TEXT($C14,"YYYYMMDD"))) -> 10.9539 | AK14: =IF(hp!AK14=0,0,_xll.BDP(AK$4,"YAS_BOND_YLD","YAS_BOND_PX",hp!AK14,"SETTLE_DT",TEXT($C14,"YYYYMMDD"))) -> 11.5345 | AL14: 0 | AM14: =IF(hp!AM14=0,0,_xll.BDP(AM$4,"YAS_BOND_YLD","YAS_BOND_PX",hp!AM14,"SETTLE_DT",TEXT($C14,"YYYYMMDD"))) -> 10.4399 | AN14: =IF(hp!AN14=0,0,_xll.BDP(AN$4,"YAS_BOND_YLD","YAS_BOND_PX",hp!AN14,"SETTLE_DT",TEXT($C14,"YYYYMMDD"))) -> 11.5803 | AO14: =IF(hp!AO14=0,0,_xll.BDP(AO$4,"YAS_BOND_YLD","YAS_BOND_PX",hp!AO14,"SETTLE_DT",TEXT($C14,"YYYYMMDD"))) -> 11.2512 | AP14: 0 | AQ14: 0 | AR14: 0 | AS14: 0
C15: 40847 | D15: 0 | E15: =IF(hp!E15=0,0,_xll.BDP(E$4,"YAS_BOND_YLD","YAS_BOND_PX",hp!E15,"SETTLE_DT",TEXT($C15,"YYYYMMDD"))) -> 0 | F15: 0 | G15: =IF(hp!G15=0,0,_xll.BDP(G$4,"YAS_BOND_YLD","YAS_BOND_PX",hp!G15,"SETTLE_DT",TEXT($C15,"YYYYMMDD"))) -> 10.5293 | H15: 0 | I15: 0 | J15: =IF(hp!J15=0,0,_xll.BDP(J$4,"YAS_BOND_YLD","YAS_BOND_PX",hp!J15,"SETTLE_DT",TEXT($C15,"YYYYMMDD"))) -> 10.3736 | K15: =IF(hp!K15=0,0,_xll.BDP(K$4,"YAS_BOND_YLD","YAS_BOND_PX",hp!K15,"SETTLE_DT",TEXT($C15,"YYYYMMDD"))) -> 10.428 | L15: =IF(hp!L15=0,0,_xll.BDP(L$4,"YAS_BOND_YLD","YAS_BOND_PX",hp!L15,"SETTLE_DT",TEXT($C15,"YYYYMMDD"))) -> 11.1297 | M15: =IF(hp!M15=0,0,_xll.BDP(M$4,"YAS_BOND_YLD","YAS_BOND_PX",hp!M15,"SETTLE_DT",TEXT($C15,"YYYYMMDD"))) -> 10.7202 | N15: =IF(hp!N15=0,0,_xll.BDP(N$4,"YAS_BOND_YLD","YAS_BOND_PX",hp!N15,"SETTLE_DT",TEXT($C15,"YYYYMMDD"))) -> 10.5188 | O15: =IF(hp!O15=0,0,_xll.BDP(O$4,"YAS_BOND_YLD","YAS_BOND_PX",hp!O15,"SETTLE_DT",TEXT($C15,"YYYYMMDD"))) -> 10.3925 | P15: =IF(hp!P15=0,0,_xll.BDP(P$4,"YAS_BOND_YLD","YAS_BOND_PX",hp!P15,"SETTLE_DT",TEXT($C15,"YYYYMMDD"))) -> 10.8108 | Q15: 0 | R15: 0 | S15: 0 | T15: 0 | U15: 0 | V15: 0 | W15: 0 | X15: 0 | Y15: 0 | Z15: 0 | AA15: 0 | AB15: 0 | AC15: 0 | AD15: 0 | AE15: 0 | AF15: 0 | AG15: 0 | AH15: 0 | AI15: =IF(hp!AI15=0,0,_xll.BDP(AI$4,"YAS_BOND_YLD","YAS_BOND_PX",hp!AI15,"SETTLE_DT",TEXT($C15,"YYYYMMDD"))) -> 11.1893 | AJ15: =IF(hp!AJ15=0,0,_xll.BDP(AJ$4,"YAS_BOND_YLD","YAS_BOND_PX",hp!AJ15,"SETTLE_DT",TEXT($C15,"YYYYMMDD"))) -> 10.7936 | AK15: =IF(hp!AK15=0,0,_xll.BDP(AK$4,"YAS_BOND_YLD","YAS_BOND_PX",hp!AK15,"SETTLE_DT",TEXT($C15,"YYYYMMDD"))) -> 11.4118 | AL15: 0 | AM15: =IF(hp!AM15=0,0,_xll.BDP(AM$4,"YAS_BOND_YLD","YAS_BOND_PX",hp!AM15,"SETTLE_DT",TEXT($C15,"YYYYMMDD"))) -> 10.39 | AN15: =IF(hp!AN15=0,0,_xll.BDP(AN$4,"YAS_BOND_YLD","YAS_BOND_PX",hp!AN15,"SETTLE_DT",TEXT($C15,"YYYYMMDD"))) -> 11.5255 | AO15: =IF(hp!AO15=0,0,_xll.BDP(AO$4,"YAS_BOND_YLD","YAS_BOND_PX",hp!AO15,"SETTLE_DT",TEXT($C15,"YYYYMMDD"))) -> 11.0834 | AP15: 0 | AQ15: 0 | AR15: 0 | AS15: 0
C16: 40877 | D16: 0 | E16: =IF(hp!E16=0,0,_xll.BDP(E$4,"YAS_BOND_YLD","YAS_BOND_PX",hp!E16,"SETTLE_DT",TEXT($C16,"YYYYMMDD"))) -> 0 | F16: 0 | G16: =IF(hp!G16=0,0,_xll.BDP(G$4,"YAS_BOND_YLD","YAS_BOND_PX",hp!G16,"SETTLE_DT",TEXT($C16,"YYYYMMDD"))) -> 10.0164 | H16: 0 | I16: 0 | J16: =IF(hp!J16=0,0,_xll.BDP(J$4,"YAS_BOND_YLD","YAS_BOND_PX",hp!J16,"SETTLE_DT",TEXT($C16,"YYYYMMDD"))) -> 9.6845 | K16: =IF(hp!K16=0,0,_xll.BDP(K$4,"YAS_BOND_YLD","YAS_BOND_PX",hp!K16,"SETTLE_DT",TEXT($C16,"YYYYMMDD"))) -> 9.7258 | L16: =IF(hp!L16=0,0,_xll.BDP(L$4,"YAS_BOND_YLD","YAS_BOND_PX",hp!L16,"SETTLE_DT",TEXT($C16,"YYYYMMDD"))) -> 10.3858 | M16: =IF(hp!M16=0,0,_xll.BDP(M$4,"YAS_BOND_YLD","YAS_BOND_PX",hp!M16,"SETTLE_DT",TEXT($C16,"YYYYMMDD"))) -> 10.3943 | N16: =IF(hp!N16=0,0,_xll.BDP(N$4,"YAS_BOND_YLD","YAS_BOND_PX",hp!N16,"SETTLE_DT",TEXT($C16,"YYYYMMDD"))) -> 9.7781 | O16: =IF(hp!O16=0,0,_xll.BDP(O$4,"YAS_BOND_YLD","YAS_BOND_PX",hp!O16,"SETTLE_DT",TEXT($C16,"YYYYMMDD"))) -> 9.78 | P16: =IF(hp!P16=0,0,_xll.BDP(P$4,"YAS_BOND_YLD","YAS_BOND_PX",hp!P16,"SETTLE_DT",TEXT($C16,"YYYYMMDD"))) -> 9.972 | Q16: 0 | R16: 0 | S16: 0 | T16: 0 | U16: 0 | V16: 0 | W16: 0 | X16: 0 | Y16: 0 | Z16: 0 | AA16: 0 | AB16: 0 | AC16: 0 | AD16: 0 | AE16: 0 | AF16: 0 | AG16: 0 | AH16: 0 | AI16: =IF(hp!AI16=0,0,_xll.BDP(AI$4,"YAS_BOND_YLD","YAS_BOND_PX",hp!AI16,"SETTLE_DT",TEXT($C16,"YYYYMMDD"))) -> 10.899 | AJ16: =IF(hp!AJ16=0,0,_xll.BDP(AJ$4,"YAS_BOND_YLD","YAS_BOND_PX",hp!AJ16,"SETTLE_DT",TEXT($C16,"YYYYMMDD"))) -> 9.9835 | AK16: =IF(hp!AK16=0,0,_xll.BDP(AK$4,"YAS_BOND_YLD","YAS_BOND_PX",hp!AK16,"SETTLE_DT",TEXT($C16,"YYYYMMDD"))) -> 10.8544 | AL16: 0 | AM16: =IF(hp!AM16=0,0,_xll.BDP(AM$4,"YAS_BOND_YLD","YAS_BOND_PX",hp!AM16,"SETTLE_DT",TEXT($C16,"YYYYMMDD"))) -> 9.687 | AN16: =IF(hp!AN16=0,0,_xll.BDP(AN$4,"YAS_BOND_YLD","YAS_BOND_PX",hp!AN16,"SETTLE_DT",TEXT($C16,"YYYYMMDD"))) -> 11.1176 | AO16: =IF(hp!AO16=0,0,_xll.BDP(AO$4,"YAS_BOND_YLD","YAS_BOND_PX",hp!AO16,"SETTLE_DT",TEXT($C16,"YYYYMMDD"))) -> 10.3713 | AP16: 0 | AQ16: 0 | AR16: 0 | AS16: 0
C17: 40906 | D17: 0 | E17: =IF(hp!E17=0,0,_xll.BDP(E$4,"YAS_BOND_YLD","YAS_BOND_PX",hp!E17,"SETTLE_DT",TEXT($C17,"YYYYMMDD"))) -> 0 | F17: 0 | G17: =IF(hp!G17=0,0,_xll.BDP(G$4,"YAS_BOND_YLD","YAS_BOND_PX",hp!G17,"SETTLE_DT",TEXT($C17,"YYYYMMDD"))) -> 10.199 | H17: 0 | I17: 0 | J17: =IF(hp!J17=0,0,_xll.BDP(J$4,"YAS_BOND_YLD","YAS_BOND_PX",hp!J17,"SETTLE_DT",TEXT($C17,"YYYYMMDD"))) -> 10.0953 | K17: =IF(hp!K17=0,0,_xll.BDP(K$4,"YAS_BOND_YLD","YAS_BOND_PX",hp!K17,"SETTLE_DT",TEXT($C17,"YYYYMMDD"))) -> 10.1869 | L17: =IF(hp!L17=0,0,_xll.BDP(L$4,"YAS_BOND_YLD","YAS_BOND_PX",hp!L17,"SETTLE_DT",TEXT($C17,"YYYYMMDD"))) -> 10.8838 | M17: =IF(hp!M17=0,0,_xll.BDP(M$4,"YAS_BOND_YLD","YAS_BOND_PX",hp!M17,"SETTLE_DT",TEXT($C17,"YYYYMMDD"))) -> 10.4039 | N17: =IF(hp!N17=0,0,_xll.BDP(N$4,"YAS_BOND_YLD","YAS_BOND_PX",hp!N17,"SETTLE_DT",TEXT($C17,"YYYYMMDD"))) -> 10.335 | O17: =IF(hp!O17=0,0,_xll.BDP(O$4,"YAS_BOND_YLD","YAS_BOND_PX",hp!O17,"SETTLE_DT",TEXT($C17,"YYYYMMDD"))) -> 10.0977 | P17: =IF(hp!P17=0,0,_xll.BDP(P$4,"YAS_BOND_YLD","YAS_BOND_PX",hp!P17,"SETTLE_DT",TEXT($C17,"YYYYMMDD"))) -> 10.5935 | Q17: =IF(hp!Q17=0,0,_xll.BDP(Q$4,"YAS_BOND_YLD","YAS_BOND_PX",hp!Q17,"SETTLE_DT",TEXT($C17,"YYYYMMDD"))) -> 10.7102 | R17: 0 | S17: 0 | T17: 0 | U17: 0 | V17: 0 | W17: 0 | X17: 0 | Y17: 0 | Z17: 0 | AA17: 0 | AB17: 0 | AC17: 0 | AD17: 0 | AE17: 0 | AF17: 0 | AG17: 0 | AH17: 0 | AI17: =IF(hp!AI17=0,0,_xll.BDP(AI$4,"YAS_BOND_YLD","YAS_BOND_PX",hp!AI17,"SETTLE_DT",TEXT($C17,"YYYYMMDD"))) -> 10.9175 | AJ17: =IF(hp!AJ17=0,0,_xll.BDP(AJ$4,"YAS_BOND_YLD","YAS_BOND_PX",hp!AJ17,"SETTLE_DT",TEXT($C17,"YYYYMMDD"))) -> 10.5744 | AK17: =IF(hp!AK17=0,0,_xll.BDP(AK$4,"YAS_BOND_YLD","YAS_BOND_PX",hp!AK17,"SETTLE_DT",TEXT($C17,"YYYYMMDD"))) -> 11.1002 | AL17: 0 | AM17: =IF(hp!AM17=0,0,_xll.BDP(AM$4,"YAS_BOND_YLD","YAS_BOND_PX",hp!AM17,"SETTLE_DT",TEXT($C17,"YYYYMMDD"))) -> 10.1 | AN17: =IF(hp!AN17=0,0,_xll.BDP(AN$4,"YAS_BOND_YLD","YAS_BOND_PX",hp!AN17,"SETTLE_DT",TEXT($C17,"YYYYMMDD"))) -> 11.3149 | AO17: =IF(hp!AO17=0,0,_xll.BDP(AO$4,"YAS_BOND_YLD","YAS_BOND_PX",hp!AO17,"SETTLE_DT",TEXT($C17,"YYYYMMDD"))) -> 10.8497 | AP17: 0 | AQ17: 0 | AR17: 0 | AS17: 0
C18: 40939 | D18: 0 | E18: 0 | F18: 0 | G18: =IF(hp!G18=0,0,_xll.BDP(G$4,"YAS_BOND_YLD","YAS_BOND_PX",hp!G18,"SETTLE_DT",TEXT($C18,"YYYYMMDD"))) -> 9.8005 | H18: 0 | I18: 0 | J18: =IF(hp!J18=0,0,_xll.BDP(J$4,"YAS_BOND_YLD","YAS_BOND_PX",hp!J18,"SETTLE_DT",TEXT($C18,"YYYYMMDD"))) -> 9.5993 | K18: =IF(hp!K18=0,0,_xll.BDP(K$4,"YAS_BOND_YLD","YAS_BOND_PX",hp!K18,"SETTLE_DT",TEXT($C18,"YYYYMMDD"))) -> 9.6688 | L18: =IF(hp!L18=0,0,_xll.BDP(L$4,"YAS_BOND_YLD","YAS_BOND_PX",hp!L18,"SETTLE_DT",TEXT($C18,"YYYYMMDD"))) -> 10.6007 | M18: =IF(hp!M18=0,0,_xll.BDP(M$4,"YAS_BOND_YLD","YAS_BOND_PX",hp!M18,"SETTLE_DT",TEXT($C18,"YYYYMMDD"))) -> 10.1449 | N18: =IF(hp!N18=0,0,_xll.BDP(N$4,"YAS_BOND_YLD","YAS_BOND_PX",hp!N18,"SETTLE_DT",TEXT($C18,"YYYYMMDD"))) -> 9.7916 | O18: =IF(hp!O18=0,0,_xll.BDP(O$4,"YAS_BOND_YLD","YAS_BOND_PX",hp!O18,"SETTLE_DT",TEXT($C18,"YYYYMMDD"))) -> 9.6542 | P18: =IF(hp!P18=0,0,_xll.BDP(P$4,"YAS_BOND_YLD","YAS_BOND_PX",hp!P18,"SETTLE_DT",TEXT($C18,"YYYYMMDD"))) -> 10.0846 | Q18: =IF(hp!Q18=0,0,_xll.BDP(Q$4,"YAS_BOND_YLD","YAS_BOND_PX",hp!Q18,"SETTLE_DT",TEXT($C18,"YYYYMMDD"))) -> 10.2782 | R18: =IF(hp!R18=0,0,_xll.BDP(R$4,"YAS_BOND_YLD","YAS_BOND_PX",hp!R18,"SETTLE_DT",TEXT($C18,"YYYYMMDD"))) -> 10.947 | S18: 0 | T18: 0 | U18: 0 | V18: 0 | W18: 0 | X18: 0 | Y18: 0 | Z18: 0 | AA18: 0 | AB18: 0 | AC18: 0 | AD18: 0 | AE18: 0 | AF18: 0 | AG18: 0 | AH18: 0 | AI18: 0 | AJ18: =IF(hp!AJ18=0,0,_xll.BDP(AJ$4,"YAS_BOND_YLD","YAS_BOND_PX",hp!AJ18,"SETTLE_DT",TEXT($C18,"YYYYMMDD"))) -> 10.0677 | AK18: =IF(hp!AK18=0,0,_xll.BDP(AK$4,"YAS_BOND_YLD","YAS_BOND_PX",hp!AK18,"SETTLE_DT",TEXT($C18,"YYYYMMDD"))) -> 11.0219 | AL18: 0 | AM18: =IF(hp!AM18=0,0,_xll.BDP(AM$4,"YAS_BOND_YLD","YAS_BOND_PX",hp!AM18,"SETTLE_DT",TEXT($C18,"YYYYMMDD"))) -> 9.5938 | AN18: =IF(hp!AN18=0,0,_xll.BDP(AN$4,"YAS_BOND_YLD","YAS_BOND_PX",hp!AN18,"SETTLE_DT",TEXT($C18,"YYYYMMDD"))) -> 11.4612 | AO18: =IF(hp!AO18=0,0,_xll.BDP(AO$4,"YAS_BOND_YLD","YAS_BOND_PX",hp!AO18,"SETTLE_DT",TEXT($C18,"YYYYMMDD"))) -> 10.5613 | AP18: =IF(hp!AP18=0,0,_xll.BDP(AP$4,"YAS_BOND_YLD","YAS_BOND_PX",hp!AP18,"SETTLE_DT",TEXT($C18,"YYYYMMDD"))) -> 0 | AQ18: 0 | AR18: 0 | AS18: 0
C19: 40968 | D19: 0 | E19: 0 | F19: 0 | G19: =IF(hp!G19=0,0,_xll.BDP(G$4,"YAS_BOND_YLD","YAS_BOND_PX",hp!G19,"SETTLE_DT",TEXT($C19,"YYYYMMDD"))) -> 9.5869 | H19: 0 | I19: 0 | J19: =IF(hp!J19=0,0,_xll.BDP(J$4,"YAS_BOND_YLD","YAS_BOND_PX",hp!J19,"SETTLE_DT",TEXT($C19,"YYYYMMDD"))) -> 9.3248 | K19: =IF(hp!K19=0,0,_xll.BDP(K$4,"YAS_BOND_YLD","YAS_BOND_PX",hp!K19,"SETTLE_DT",TEXT($C19,"YYYYMMDD"))) -> 9.3676 | L19: =IF(hp!L19=0,0,_xll.BDP(L$4,"YAS_BOND_YLD","YAS_BOND_PX",hp!L19,"SETTLE_DT",TEXT($C19,"YYYYMMDD"))) -> 10.38 | M19: =IF(hp!M19=0,0,_xll.BDP(M$4,"YAS_BOND_YLD","YAS_BOND_PX",hp!M19,"SETTLE_DT",TEXT($C19,"YYYYMMDD"))) -> 10.0119 | N19: =IF(hp!N19=0,0,_xll.BDP(N$4,"YAS_BOND_YLD","YAS_BOND_PX",hp!N19,"SETTLE_DT",TEXT($C19,"YYYYMMDD"))) -> 9.4804 | O19: =IF(hp!O19=0,0,_xll.BDP(O$4,"YAS_BOND_YLD","YAS_BOND_PX",hp!O19,"SETTLE_DT",TEXT($C19,"YYYYMMDD"))) -> 9.388 | P19: =IF(hp!P19=0,0,_xll.BDP(P$4,"YAS_BOND_YLD","YAS_BOND_PX",hp!P19,"SETTLE_DT",TEXT($C19,"YYYYMMDD"))) -> 9.8171 | Q19: =IF(hp!Q19=0,0,_xll.BDP(Q$4,"YAS_BOND_YLD","YAS_BOND_PX",hp!Q19,"SETTLE_DT",TEXT($C19,"YYYYMMDD"))) -> 10.0053 | R19: =IF(hp!R19=0,0,_xll.BDP(R$4,"YAS_BOND_YLD","YAS_BOND_PX",hp!R19,"SETTLE_DT",TEXT($C19,"YYYYMMDD"))) -> 10.7354 | S19: 0 | T19: 0 | U19: 0 | V19: 0 | W19: 0 | X19: 0 | Y19: 0 | Z19: 0 | AA19: 0 | AB19: 0 | AC19: 0 | AD19: 0 | AE19: 0 | AF19: 0 | AG19: 0 | AH19: 0 | AI19: 0 | AJ19: =IF(hp!AJ19=0,0,_xll.BDP(AJ$4,"YAS_BOND_YLD","YAS_BOND_PX",hp!AJ19,"SETTLE_DT",TEXT($C19,"YYYYMMDD"))) -> 9.8106 | AK19: =IF(hp!AK19=0,0,_xll.BDP(AK$4,"YAS_BOND_YLD","YAS_BOND_PX",hp!AK19,"SETTLE_DT",TEXT($C19,"YYYYMMDD"))) -> 10.8999 | AL19: 0 | AM19: =IF(hp!AM19=0,0,_xll.BDP(AM$4,"YAS_BOND_YLD","YAS_BOND_PX",hp!AM19,"SETTLE_DT",TEXT($C19,"YYYYMMDD"))) -> 9.3275 | AN19: =IF(hp!AN19=0,0,_xll.BDP(AN$4,"YAS_BOND_YLD","YAS_BOND_PX",hp!AN19,"SETTLE_DT",TEXT($C19,"YYYYMMDD"))) -> 11.294 | AO19: =IF(hp!AO19=0,0,_xll.BDP(AO$4,"YAS_BOND_YLD","YAS_BOND_PX",hp!AO19,"SETTLE_DT",TEXT($C19,"YYYYMMDD"))) -> 10.3235 | AP19: =IF(hp!AP19=0,0,_xll.BDP(AP$4,"YAS_BOND_YLD","YAS_BOND_PX",hp!AP19,"SETTLE_DT",TEXT($C19,"YYYYMMDD"))) -> 11.0483 | AQ19: 0 | AR19: 0 | AS19: 0
C20: 40998 | D20: 0 | E20: 0 | F20: 0 | G20: =IF(hp!G20=0,0,_xll.BDP(G$4,"YAS_BOND_YLD","YAS_BOND_PX",hp!G20,"SETTLE_DT",TEXT($C20,"YYYYMMDD"))) -> 9.0727 | H20: 0 | I20: 0 | J20: =IF(hp!J20=0,0,_xll.BDP(J$4,"YAS_BOND_YLD","YAS_BOND_PX",hp!J20,"SETTLE_DT",TEXT($C20,"YYYYMMDD"))) -> 9.0001 | K20: =IF(hp!K20=0,0,_xll.BDP(K$4,"YAS_BOND_YLD","YAS_BOND_PX",hp!K20,"SETTLE_DT",TEXT($C20,"YYYYMMDD"))) -> 9.0598 | L20: =IF(hp!L20=0,0,_xll.BDP(L$4,"YAS_BOND_YLD","YAS_BOND_PX",hp!L20,"SETTLE_DT",TEXT($C20,"YYYYMMDD"))) -> 10.2306 | M20: =IF(hp!M20=0,0,_xll.BDP(M$4,"YAS_BOND_YLD","YAS_BOND_PX",hp!M20,"SETTLE_DT",TEXT($C20,"YYYYMMDD"))) -> 9.1734 | N20: =IF(hp!N20=0,0,_xll.BDP(N$4,"YAS_BOND_YLD","YAS_BOND_PX",hp!N20,"SETTLE_DT",TEXT($C20,"YYYYMMDD"))) -> 9.1936 | O20: =IF(hp!O20=0,0,_xll.BDP(O$4,"YAS_BOND_YLD","YAS_BOND_PX",hp!O20,"SETTLE_DT",TEXT($C20,"YYYYMMDD"))) -> 8.9989 | P20: =IF(hp!P20=0,0,_xll.BDP(P$4,"YAS_BOND_YLD","YAS_BOND_PX",hp!P20,"SETTLE_DT",TEXT($C20,"YYYYMMDD"))) -> 9.6175 | Q20: =IF(hp!Q20=0,0,_xll.BDP(Q$4,"YAS_BOND_YLD","YAS_BOND_PX",hp!Q20,"SETTLE_DT",TEXT($C20,"YYYYMMDD"))) -> 9.8276 | R20: =IF(hp!R20=0,0,_xll.BDP(R$4,"YAS_BOND_YLD","YAS_BOND_PX",hp!R20,"SETTLE_DT",TEXT($C20,"YYYYMMDD"))) -> 10.6197 | S20: 0 | T20: 0 | U20: 0 | V20: 0 | W20: 0 | X20: 0 | Y20: 0 | Z20: 0 | AA20: 0 | AB20: 0 | AC20: 0 | AD20: 0 | AE20: 0 | AF20: 0 | AG20: 0 | AH20: 0 | AI20: 0 | AJ20: =IF(hp!AJ20=0,0,_xll.BDP(AJ$4,"YAS_BOND_YLD","YAS_BOND_PX",hp!AJ20,"SETTLE_DT",TEXT($C20,"YYYYMMDD"))) -> 9.6099 | AK20: =IF(hp!AK20=0,0,_xll.BDP(AK$4,"YAS_BOND_YLD","YAS_BOND_PX",hp!AK20,"SETTLE_DT",TEXT($C20,"YYYYMMDD"))) -> 10.739 | AL20: 0 | AM20: =IF(hp!AM20=0,0,_xll.BDP(AM$4,"YAS_BOND_YLD","YAS_BOND_PX",hp!AM20,"SETTLE_DT",TEXT($C20,"YYYYMMDD"))) -> 9.001 | AN20: =IF(hp!AN20=0,0,_xll.BDP(AN$4,"YAS_BOND_YLD","YAS_BOND_PX",hp!AN20,"SETTLE_DT",TEXT($C20,"YYYYMMDD"))) -> 11.1198 | AO20: =IF(hp!AO20=0,0,_xll.BDP(AO$4,"YAS_BOND_YLD","YAS_BOND_PX",hp!AO20,"SETTLE_DT",TEXT($C20,"YYYYMMDD"))) -> 10.158 | AP20: =IF(hp!AP20=0,0,_xll.BDP(AP$4,"YAS_BOND_YLD","YAS_BOND_PX",hp!AP20,"SETTLE_DT",TEXT($C20,"YYYYMMDD"))) -> 10.8934 | AQ20: =IF(hp!AQ20=0,0,_xll.BDP(AQ$4,"YAS_BOND_YLD","YAS_BOND_PX",hp!AQ20,"SETTLE_DT",TEXT($C20,"YYYYMMDD"))) -> 11.2988 | AR20: 0 | AS20: 0
C21: 41029 | D21: 0 | E21: 0 | F21: 0 | G21: =IF(hp!G21=0,0,_xll.BDP(G$4,"YAS_BOND_YLD","YAS_BOND_PX",hp!G21,"SETTLE_DT",TEXT($C21,"YYYYMMDD"))) -> 8.7232 | H21: 0 | I21: 0 | J21: =IF(hp!J21=0,0,_xll.BDP(J$4,"YAS_BOND_YLD","YAS_BOND_PX",hp!J21,"SETTLE_DT",TEXT($C21,"YYYYMMDD"))) -> 8.3705 | K21: =IF(hp!K21=0,0,_xll.BDP(K$4,"YAS_BOND_YLD","YAS_BOND_PX",hp!K21,"SETTLE_DT",TEXT($C21,"YYYYMMDD"))) -> 8.3943 | L21: =IF(hp!L21=0,0,_xll.BDP(L$4,"YAS_BOND_YLD","YAS_BOND_PX",hp!L21,"SETTLE_DT",TEXT($C21,"YYYYMMDD"))) -> 9.524 | M21: 0 | N21: =IF(hp!N21=0,0,_xll.BDP(N$4,"YAS_BOND_YLD","YAS_BOND_PX",hp!N21,"SETTLE_DT",TEXT($C21,"YYYYMMDD"))) -> 8.4561 | O21: =IF(hp!O21=0,0,_xll.BDP(O$4,"YAS_BOND_YLD","YAS_BOND_PX",hp!O21,"SETTLE_DT",TEXT($C21,"YYYYMMDD"))) -> 8.4209 | P21: =IF(hp!P21=0,0,_xll.BDP(P$4,"YAS_BOND_YLD","YAS_BOND_PX",hp!P21,"SETTLE_DT",TEXT($C21,"YYYYMMDD"))) -> 8.8573 | Q21: =IF(hp!Q21=0,0,_xll.BDP(Q$4,"YAS_BOND_YLD","YAS_BOND_PX",hp!Q21,"SETTLE_DT",TEXT($C21,"YYYYMMDD"))) -> 9.0077 | R21: =IF(hp!R21=0,0,_xll.BDP(R$4,"YAS_BOND_YLD","YAS_BOND_PX",hp!R21,"SETTLE_DT",TEXT($C21,"YYYYMMDD"))) -> 9.9848 | S21: =IF(hp!S21=0,0,_xll.BDP(S$4,"YAS_BOND_YLD","YAS_BOND_PX",hp!S21,"SETTLE_DT",TEXT($C21,"YYYYMMDD"))) -> 9.2224 | T21: 0 | U21: 0 | V21: 0 | W21: 0 | X21: 0 | Y21: 0 | Z21: 0 | AA21: 0 | AB21: 0 | AC21: 0 | AD21: 0 | AE21: 0 | AF21: 0 | AG21: 0 | AH21: 0 | AI21: 0 | AJ21: =IF(hp!AJ21=0,0,_xll.BDP(AJ$4,"YAS_BOND_YLD","YAS_BOND_PX",hp!AJ21,"SETTLE_DT",TEXT($C21,"YYYYMMDD"))) -> 8.8474 | AK21: =IF(hp!AK21=0,0,_xll.BDP(AK$4,"YAS_BOND_YLD","YAS_BOND_PX",hp!AK21,"SETTLE_DT",TEXT($C21,"YYYYMMDD"))) -> 10.1295 | AL21: 0 | AM21: =IF(hp!AM21=0,0,_xll.BDP(AM$4,"YAS_BOND_YLD","YAS_BOND_PX",hp!AM21,"SETTLE_DT",TEXT($C21,"YYYYMMDD"))) -> 8.3845 | AN21: =IF(hp!AN21=0,0,_xll.BDP(AN$4,"YAS_BOND_YLD","YAS_BOND_PX",hp!AN21,"SETTLE_DT",TEXT($C21,"YYYYMMDD"))) -> 10.7089 | AO21: =IF(hp!AO21=0,0,_xll.BDP(AO$4,"YAS_BOND_YLD","YAS_BOND_PX",hp!AO21,"SETTLE_DT",TEXT($C21,"YYYYMMDD"))) -> 9.4344 | AP21: =IF(hp!AP21=0,0,_xll.BDP(AP$4,"YAS_BOND_YLD","YAS_BOND_PX",hp!AP21,"SETTLE_DT",TEXT($C21,"YYYYMMDD"))) -> 10.3332 | AQ21: =IF(hp!AQ21=0,0,_xll.BDP(AQ$4,"YAS_BOND_YLD","YAS_BOND_PX",hp!AQ21,"SETTLE_DT",TEXT($C21,"YYYYMMDD"))) -> 10.8622 | AR21: 0 | AS21: 0
C22: 41060 | D22: 0 | E22: 0 | F22: 0 | G22: =IF(hp!G22=0,0,_xll.BDP(G$4,"YAS_BOND_YLD","YAS_BOND_PX",hp!G22,"SETTLE_DT",TEXT($C22,"YYYYMMDD"))) -> 8.5093 | H22: 0 | I22: 0 | J22: =IF(hp!J22=0,0,_xll.BDP(J$4,"YAS_BOND_YLD","YAS_BOND_PX",hp!J22,"SETTLE_DT",TEXT($C22,"YYYYMMDD"))) -> 8.0236 | K22: =IF(hp!K22=0,0,_xll.BDP(K$4,"YAS_BOND_YLD","YAS_BOND_PX",hp!K22,"SETTLE_DT",TEXT($C22,"YYYYMMDD"))) -> 8.0142 | L22: =IF(hp!L22=0,0,_xll.BDP(L$4,"YAS_BOND_YLD","YAS_BOND_PX",hp!L22,"SETTLE_DT",TEXT($C22,"YYYYMMDD"))) -> 9.0214 | M22: 0 | N22: =IF(hp!N22=0,0,_xll.BDP(N$4,"YAS_BOND_YLD","YAS_BOND_PX",hp!N22,"SETTLE_DT",TEXT($C22,"YYYYMMDD"))) -> 8.0553 | O22: =IF(hp!O22=0,0,_xll.BDP(O$4,"YAS_BOND_YLD","YAS_BOND_PX",hp!O22,"SETTLE_DT",TEXT($C22,"YYYYMMDD"))) -> 8.0937 | P22: =IF(hp!P22=0,0,_xll.BDP(P$4,"YAS_BOND_YLD","YAS_BOND_PX",hp!P22,"SETTLE_DT",TEXT($C22,"YYYYMMDD"))) -> 8.3863 | Q22: =IF(hp!Q22=0,0,_xll.BDP(Q$4,"YAS_BOND_YLD","YAS_BOND_PX",hp!Q22,"SETTLE_DT",TEXT($C22,"YYYYMMDD"))) -> 8.4954 | R22: =IF(hp!R22=0,0,_xll.BDP(R$4,"YAS_BOND_YLD","YAS_BOND_PX",hp!R22,"SETTLE_DT",TEXT($C22,"YYYYMMDD"))) -> 9.5489 | S22: =IF(hp!S22=0,0,_xll.BDP(S$4,"YAS_BOND_YLD","YAS_BOND_PX",hp!S22,"SETTLE_DT",TEXT($C22,"YYYYMMDD"))) -> 8.6452 | T22: 0 | U22: 0 | V22: 0 | W22: 0 | X22: 0 | Y22: 0 | Z22: 0 | AA22: 0 | AB22: 0 | AC22: 0 | AD22: 0 | AE22: 0 | AF22: 0 | AG22: 0 | AH22: 0 | AI22: 0 | AJ22: =IF(hp!AJ22=0,0,_xll.BDP(AJ$4,"YAS_BOND_YLD","YAS_BOND_PX",hp!AJ22,"SETTLE_DT",TEXT($C22,"YYYYMMDD"))) -> 8.3802 | AK22: =IF(hp!AK22=0,0,_xll.BDP(AK$4,"YAS_BOND_YLD","YAS_BOND_PX",hp!AK22,"SETTLE_DT",TEXT($C22,"YYYYMMDD"))) -> 9.6739 | AL22: 0 | AM22: =IF(hp!AM22=0,0,_xll.BDP(AM$4,"YAS_BOND_YLD","YAS_BOND_PX",hp!AM22,"SETTLE_DT",TEXT($C22,"YYYYMMDD"))) -> 8.0313 | AN22: =IF(hp!AN22=0,0,_xll.BDP(AN$4,"YAS_BOND_YLD","YAS_BOND_PX",hp!AN22,"SETTLE_DT",TEXT($C22,"YYYYMMDD"))) -> 10.248 | AO22: =IF(hp!AO22=0,0,_xll.BDP(AO$4,"YAS_BOND_YLD","YAS_BOND_PX",hp!AO22,"SETTLE_DT",TEXT($C22,"YYYYMMDD"))) -> 8.8838 | AP22: =IF(hp!AP22=0,0,_xll.BDP(AP$4,"YAS_BOND_YLD","YAS_BOND_PX",hp!AP22,"SETTLE_DT",TEXT($C22,"YYYYMMDD"))) -> 9.8211 | AQ22: =IF(hp!AQ22=0,0,_xll.BDP(AQ$4,"YAS_BOND_YLD","YAS_BOND_PX",hp!AQ22,"SETTLE_DT",TEXT($C22,"YYYYMMDD"))) -> 10.5307 | AR22: 0 | AS22: 0
C23: 41089 | D23: 0 | E23: 0 | F23: 0 | G23: =IF(hp!G23=0,0,_xll.BDP(G$4,"YAS_BOND_YLD","YAS_BOND_PX",hp!G23,"SETTLE_DT",TEXT($C23,"YYYYMMDD"))) -> 8.4601 | H23: 0 | I23: 0 | J23: =IF(hp!J23=0,0,_xll.BDP(J$4,"YAS_BOND_YLD","YAS_BOND_PX",hp!J23,"SETTLE_DT",TEXT($C23,"YYYYMMDD"))) -> 7.6487 | K23: =IF(hp!K23=0,0,_xll.BDP(K$4,"YAS_BOND_YLD","YAS_BOND_PX",hp!K23,"SETTLE_DT",TEXT($C23,"YYYYMMDD"))) -> 7.5943 | L23: =IF(hp!L23=0,0,_xll.BDP(L$4,"YAS_BOND_YLD","YAS_BOND_PX",hp!L23,"SETTLE_DT",TEXT($C23,"YYYYMMDD"))) -> 8.5843 | M23: 0 | N23: =IF(hp!N23=0,0,_xll.BDP(N$4,"YAS_BOND_YLD","YAS_BOND_PX",hp!N23,"SETTLE_DT",TEXT($C23,"YYYYMMDD"))) -> 7.609 | O23: =IF(hp!O23=0,0,_xll.BDP(O$4,"YAS_BOND_YLD","YAS_BOND_PX",hp!O23,"SETTLE_DT",TEXT($C23,"YYYYMMDD"))) -> 7.8428 | P23: =IF(hp!P23=0,0,_xll.BDP(P$4,"YAS_BOND_YLD","YAS_BOND_PX",hp!P23,"SETTLE_DT",TEXT($C23,"YYYYMMDD"))) -> 7.97 | Q23: =IF(hp!Q23=0,0,_xll.BDP(Q$4,"YAS_BOND_YLD","YAS_BOND_PX",hp!Q23,"SETTLE_DT",TEXT($C23,"YYYYMMDD"))) -> 8.1258 | R23: =IF(hp!R23=0,0,_xll.BDP(R$4,"YAS_BOND_YLD","YAS_BOND_PX",hp!R23,"SETTLE_DT",TEXT($C23,"YYYYMMDD"))) -> 9.1275 | S23: =IF(hp!S23=0,0,_xll.BDP(S$4,"YAS_BOND_YLD","YAS_BOND_PX",hp!S23,"SETTLE_DT",TEXT($C23,"YYYYMMDD"))) -> 8.27 | T23: 0 | U23: 0 | V23: 0 | W23: 0 | X23: 0 | Y23: 0 | Z23: 0 | AA23: 0 | AB23: 0 | AC23: 0 | AD23: 0 | AE23: 0 | AF23: 0 | AG23: 0 | AH23: 0 | AI23: 0 | AJ23: =IF(hp!AJ23=0,0,_xll.BDP(AJ$4,"YAS_BOND_YLD","YAS_BOND_PX",hp!AJ23,"SETTLE_DT",TEXT($C23,"YYYYMMDD"))) -> 7.9629 | AK23: =IF(hp!AK23=0,0,_xll.BDP(AK$4,"YAS_BOND_YLD","YAS_BOND_PX",hp!AK23,"SETTLE_DT",TEXT($C23,"YYYYMMDD"))) -> 9.2427 | AL23: 0 | AM23: =IF(hp!AM23=0,0,_xll.BDP(AM$4,"YAS_BOND_YLD","YAS_BOND_PX",hp!AM23,"SETTLE_DT",TEXT($C23,"YYYYMMDD"))) -> 7.6647 | AN23: =IF(hp!AN23=0,0,_xll.BDP(AN$4,"YAS_BOND_YLD","YAS_BOND_PX",hp!AN23,"SETTLE_DT",TEXT($C23,"YYYYMMDD"))) -> 9.9186 | AO23: =IF(hp!AO23=0,0,_xll.BDP(AO$4,"YAS_BOND_YLD","YAS_BOND_PX",hp!AO23,"SETTLE_DT",TEXT($C23,"YYYYMMDD"))) -> 8.451 | AP23: =IF(hp!AP23=0,0,_xll.BDP(AP$4,"YAS_BOND_YLD","YAS_BOND_PX",hp!AP23,"SETTLE_DT",TEXT($C23,"YYYYMMDD"))) -> 9.5159 | AQ23: =IF(hp!AQ23=0,0,_xll.BDP(AQ$4,"YAS_BOND_YLD","YAS_BOND_PX",hp!AQ23,"SETTLE_DT",TEXT($C23,"YYYYMMDD"))) -> 10.1413 | AR23: 0 | AS23: 0
C24: 41121 | D24: 0 | E24: 0 | F24: 0 | G24: 0 | H24: 0 | I24: 0 | J24: =IF(hp!J24=0,0,_xll.BDP(J$4,"YAS_BOND_YLD","YAS_BOND_PX",hp!J24,"SETTLE_DT",TEXT($C24,"YYYYMMDD"))) -> 7.4143 | K24: =IF(hp!K24=0,0,_xll.BDP(K$4,"YAS_BOND_YLD","YAS_BOND_PX",hp!K24,"SETTLE_DT",TEXT($C24,"YYYYMMDD"))) -> 7.3569 | L24: =IF(hp!L24=0,0,_xll.BDP(L$4,"YAS_BOND_YLD","YAS_BOND_PX",hp!L24,"SETTLE_DT",TEXT($C24,"YYYYMMDD"))) -> 8.4382 | M24: 0 | N24: =IF(hp!N24=0,0,_xll.BDP(N$4,"YAS_BOND_YLD","YAS_BOND_PX",hp!N24,"SETTLE_DT",TEXT($C24,"YYYYMMDD"))) -> 7.4372 | O24: =IF(hp!O24=0,0,_xll.BDP(O$4,"YAS_BOND_YLD","YAS_BOND_PX",hp!O24,"SETTLE_DT",TEXT($C24,"YYYYMMDD"))) -> 7.6415 | P24: =IF(hp!P24=0,0,_xll.BDP(P$4,"YAS_BOND_YLD","YAS_BOND_PX",hp!P24,"SETTLE_DT",TEXT($C24,"YYYYMMDD"))) -> 7.9154 | Q24: =IF(hp!Q24=0,0,_xll.BDP(Q$4,"YAS_BOND_YLD","YAS_BOND_PX",hp!Q24,"SETTLE_DT",TEXT($C24,"YYYYMMDD"))) -> 8.0899 | R24: =IF(hp!R24=0,0,_xll.BDP(R$4,"YAS_BOND_YLD","YAS_BOND_PX",hp!R24,"SETTLE_DT",TEXT($C24,"YYYYMMDD"))) -> 8.8633 | S24: =IF(hp!S24=0,0,_xll.BDP(S$4,"YAS_BOND_YLD","YAS_BOND_PX",hp!S24,"SETTLE_DT",TEXT($C24,"YYYYMMDD"))) -> 8.2451 | T24: =IF(hp!T24=0,0,_xll.BDP(T$4,"YAS_BOND_YLD","YAS_BOND_PX",hp!T24,"SETTLE_DT",TEXT($C24,"YYYYMMDD"))) -> 7.6292 | U24: 0 | V24: 0 | W24: 0 | X24: 0 | Y24: 0 | Z24: 0 | AA24: 0 | AB24: 0 | AC24: 0 | AD24: 0 | AE24: 0 | AF24: 0 | AG24: 0 | AH24: 0 | AI24: 0 | AJ24: =IF(hp!AJ24=0,0,_xll.BDP(AJ$4,"YAS_BOND_YLD","YAS_BOND_PX",hp!AJ24,"SETTLE_DT",TEXT($C24,"YYYYMMDD"))) -> 7.9018 | AK24: =IF(hp!AK24=0,0,_xll.BDP(AK$4,"YAS_BOND_YLD","YAS_BOND_PX",hp!AK24,"SETTLE_DT",TEXT($C24,"YYYYMMDD"))) -> 8.9025 | AL24: 0 | AM24: =IF(hp!AM24=0,0,_xll.BDP(AM$4,"YAS_BOND_YLD","YAS_BOND_PX",hp!AM24,"SETTLE_DT",TEXT($C24,"YYYYMMDD"))) -> 7.4296 | AN24: =IF(hp!AN24=0,0,_xll.BDP(AN$4,"YAS_BOND_YLD","YAS_BOND_PX",hp!AN24,"SETTLE_DT",TEXT($C24,"YYYYMMDD"))) -> 9.4371 | AO24: =IF(hp!AO24=0,0,_xll.BDP(AO$4,"YAS_BOND_YLD","YAS_BOND_PX",hp!AO24,"SETTLE_DT",TEXT($C24,"YYYYMMDD"))) -> 8.3006 | AP24: =IF(hp!AP24=0,0,_xll.BDP(AP$4,"YAS_BOND_YLD","YAS_BOND_PX",hp!AP24,"SETTLE_DT",TEXT($C24,"YYYYMMDD"))) -> 9.085 | AQ24: =IF(hp!AQ24=0,0,_xll.BDP(AQ$4,"YAS_BOND_YLD","YAS_BOND_PX",hp!AQ24,"SETTLE_DT",TEXT($C24,"YYYYMMDD"))) -> 9.5909 | AR24: 0 | AS24: 0
C25: 41152 | D25: 0 | E25: 0 | F25: 0 | G25: 0 | H25: 0 | I25: 0 | J25: =IF(hp!J25=0,0,_xll.BDP(J$4,"YAS_BOND_YLD","YAS_BOND_PX",hp!J25,"SETTLE_DT",TEXT($C25,"YYYYMMDD"))) -> 7.3294 | K25: =IF(hp!K25=0,0,_xll.BDP(K$4,"YAS_BOND_YLD","YAS_BOND_PX",hp!K25,"SETTLE_DT",TEXT($C25,"YYYYMMDD"))) -> 7.3292 | L25: =IF(hp!L25=0,0,_xll.BDP(L$4,"YAS_BOND_YLD","YAS_BOND_PX",hp!L25,"SETTLE_DT",TEXT($C25,"YYYYMMDD"))) -> 8.5143 | M25: 0 | N25: =IF(hp!N25=0,0,_xll.BDP(N$4,"YAS_BOND_YLD","YAS_BOND_PX",hp!N25,"SETTLE_DT",TEXT($C25,"YYYYMMDD"))) -> 7.4197 | O25: =IF(hp!O25=0,0,_xll.BDP(O$4,"YAS_BOND_YLD","YAS_BOND_PX",hp!O25,"SETTLE_DT",TEXT($C25,"YYYYMMDD"))) -> 7.3956 | P25: =IF(hp!P25=0,0,_xll.BDP(P$4,"YAS_BOND_YLD","YAS_BOND_PX",hp!P25,"SETTLE_DT",TEXT($C25,"YYYYMMDD"))) -> 7.8818 | Q25: =IF(hp!Q25=0,0,_xll.BDP(Q$4,"YAS_BOND_YLD","YAS_BOND_PX",hp!Q25,"SETTLE_DT",TEXT($C25,"YYYYMMDD"))) -> 8.0992 | R25: =IF(hp!R25=0,0,_xll.BDP(R$4,"YAS_BOND_YLD","YAS_BOND_PX",hp!R25,"SETTLE_DT",TEXT($C25,"YYYYMMDD"))) -> 8.8589 | S25: =IF(hp!S25=0,0,_xll.BDP(S$4,"YAS_BOND_YLD","YAS_BOND_PX",hp!S25,"SETTLE_DT",TEXT($C25,"YYYYMMDD"))) -> 8.2621 | T25: =IF(hp!T25=0,0,_xll.BDP(T$4,"YAS_BOND_YLD","YAS_BOND_PX",hp!T25,"SETTLE_DT",TEXT($C25,"YYYYMMDD"))) -> 7.6156 | U25: 0 | V25: 0 | W25: 0 | X25: 0 | Y25: 0 | Z25: 0 | AA25: 0 | AB25: 0 | AC25: 0 | AD25: 0 | AE25: 0 | AF25: 0 | AG25: 0 | AH25: 0 | AI25: 0 | AJ25: =IF(hp!AJ25=0,0,_xll.BDP(AJ$4,"YAS_BOND_YLD","YAS_BOND_PX",hp!AJ25,"SETTLE_DT",TEXT($C25,"YYYYMMDD"))) -> 7.8843 | AK25: =IF(hp!AK25=0,0,_xll.BDP(AK$4,"YAS_BOND_YLD","YAS_BOND_PX",hp!AK25,"SETTLE_DT",TEXT($C25,"YYYYMMDD"))) -> 8.9441 | AL25: 0 | AM25: =IF(hp!AM25=0,0,_xll.BDP(AM$4,"YAS_BOND_YLD","YAS_BOND_PX",hp!AM25,"SETTLE_DT",TEXT($C25,"YYYYMMDD"))) -> 7.3266 | AN25: =IF(hp!AN25=0,0,_xll.BDP(AN$4,"YAS_BOND_YLD","YAS_BOND_PX",hp!AN25,"SETTLE_DT",TEXT($C25,"YYYYMMDD"))) -> 9.4448 | AO25: =IF(hp!AO25=0,0,_xll.BDP(AO$4,"YAS_BOND_YLD","YAS_BOND_PX",hp!AO25,"SETTLE_DT",TEXT($C25,"YYYYMMDD"))) -> 8.3814 | AP25: =IF(hp!AP25=0,0,_xll.BDP(AP$4,"YAS_BOND_YLD","YAS_BOND_PX",hp!AP25,"SETTLE_DT",TEXT($C25,"YYYYMMDD"))) -> 9.0809 | AQ25: =IF(hp!AQ25=0,0,_xll.BDP(AQ$4,"YAS_BOND_YLD","YAS_BOND_PX",hp!AQ25,"SETTLE_DT",TEXT($C25,"YYYYMMDD"))) -> 9.5881 | AR25: 0 | AS25: 0
